Full Name,assists,bonus,bps,chance_of_playing_next_round,chance_of_playing_this_round,clean_sheets,clean_sheets_per_90,code,corners_and_indirect_freekicks_order,corners_and_indirect_freekicks_text,cost_change_event,cost_change_event_fall,cost_change_start,cost_change_start_fall,creativity,creativity_rank,creativity_rank_type,direct_freekicks_order,direct_freekicks_text,dreamteam_count,element_type,ep_next,ep_this,event_points,expected_assists,expected_assists_per_90,expected_goal_involvements,expected_goal_involvements_per_90,expected_goals,expected_goals_conceded,expected_goals_conceded_per_90,expected_goals_per_90,first_name,form,form_rank,form_rank_type,goals_conceded,goals_conceded_per_90,goals_scored,ict_index,ict_index_rank,ict_index_rank_type,id,in_dreamteam,influence,influence_rank,influence_rank_type,minutes,news,news_added,now_cost,now_cost_rank,now_cost_rank_type,own_goals,penalties_missed,penalties_order,penalties_saved,penalties_text,photo,points_per_game,points_per_game_rank,points_per_game_rank_type,red_cards,saves,saves_per_90,second_name,selected_by_percent,selected_rank,selected_rank_type,special,squad_number,starts,starts_per_90,status,team,team_code,threat,threat_rank,threat_rank_type,total_points,transfers_in,transfers_in_event,transfers_out,transfers_out_event,value_form,value_season,web_name,yellow_cards,Element,ROI,FPL_Metric
Dean Henderson,0,12,367,0.0,0.0,6,0.33,172649,,,0,0,1,-1,0.0,743,79,,,2,1.0,0.0,0.0,0,0.01,0.0,0.01,0.0,0.0,26.97,1.5,0.0,Dean,0.0,699,83,31,1.72,0,47.5,288,19,398,False,474.4,124,19,1620,Thigh injury - Expected back 01 Jul,2023-01-14T18:30:07.754696Z,4.5,330,14,0,0,,2,,172649.jpg,4.6,19,4,0,54,3.0,Henderson,5.2,74,14,False,,18,1.0,i,16,17,0.0,734,74,82,1418707,0,1665163,0,0.0,17.8,Henderson,2,603,1.0222222222222221,83.82222222222222
David Raya Martin,0,20,822,,,12,0.32,154561,,,0,0,3,-3,20.1,417,3,,,1,1.0,3.0,3.4,6,0.12,0.0,0.23,0.0,0.11,50.12,1.32,0.0,David,4.4,40,6,46,1.21,0,115.2,104,1,81,True,1125.4,3,1,3420,,,5.0,272,10,1,0,,0,,154561.jpg,4.4,25,5,0,154,4.05,Raya Martin,14.4,27,6,False,,38,1.0,a,4,94,4.0,465,2,166,2641943,0,1655530,0,0.9,34.6,Raya,1,123,0.8800000000000001,146.08
Bernd Leno,0,17,766,,,8,0.22,80201,,,0,0,1,-1,10.0,451,10,,,2,1.0,4.8,4.5,3,0.0,0.0,0.0,0.0,0.0,62.75,1.74,0.0,Bernd,4.5,37,4,51,1.42,0,112.7,107,2,2,False,1115.8,4,2,3240,,,4.5,327,13,0,0,,1,,80201.jpg,3.9,59,13,0,144,4.0,Leno,3.5,95,18,False,,36,1.0,a,9,54,0.0,733,73,142,673415,0,466700,0,1.0,30.9,Leno,3,320,0.8666666666666667,123.06666666666668
William Saliba,1,14,571,0.0,0.0,12,0.45,462424,,,0,0,4,-4,100.8,287,87,,,2,2.0,0.0,0.0,0,0.32,0.01,1.23,0.04,0.91,26.86,1.0,0.03,William,0.0,730,254,25,0.93,2,74.5,199,55,26,False,529.0,105,35,2415,Back injury - Unknown return date,2023-03-17T00:00:06.900817Z,5.0,252,34,1,0,,0,,462424.jpg,4.3,29,3,0,0,0.0,Saliba,15.6,23,7,False,,27,1.01,i,1,3,114.0,254,69,117,5425985,0,4620329,0,0.0,23.9,Saliba,4,21,0.86,100.62
Ethan Pinnock,0,6,575,100.0,100.0,10,0.33,231065,,,0,0,-1,1,104.9,281,83,,,1,2.0,2.2,4.6,15,1.11,0.04,3.84,0.13,2.73,40.17,1.34,0.09,Ethan,5.6,15,2,34,1.13,3,113.8,105,15,92,False,751.6,32,5,2700,,2022-07-22T23:00:04.442209Z,4.5,512,116,1,0,,0,,231065.jpg,3.7,79,17,0,0,0.0,Pinnock,0.9,199,71,False,,30,1.0,a,4,94,279.0,130,12,112,254754,0,163810,0,1.3,25.5,Pinnock,0,134,0.8222222222222223,92.0888888888889
Vicente Guaita,0,10,484,100.0,100.0,6,0.22,40836,,,0,0,-1,1,0.0,638,72,,,1,1.0,0.0,0.0,0,0.01,0.0,0.01,0.0,0.0,38.2,1.41,0.0,Vicente,0.0,572,78,34,1.26,0,66.8,225,14,152,False,668.4,50,14,2430,,2023-04-07T13:30:06.811754Z,4.5,473,19,0,0,,0,,40836.jpg,3.7,78,16,0,85,3.15,Guaita,1.4,163,23,False,,27,1.0,a,7,31,0.0,615,63,99,542689,0,551835,0,0.0,22.5,Guaita,1,241,0.8222222222222223,81.4
Tyrone Mings,3,17,617,100.0,100.0,12,0.34,149484,,,0,0,2,-2,87.7,308,97,,,4,2.0,1.5,1.4,1,0.95,0.03,1.91,0.06,0.96,47.28,1.35,0.03,Tyrone,1.4,237,76,40,1.14,1,87.0,158,35,39,False,657.2,55,13,3150,,2023-02-12T22:30:09.087745Z,4.5,307,51,1,0,,0,,149484.jpg,3.7,81,18,0,0,0.0,Mings,12.5,37,12,False,,35,1.0,a,2,7,121.0,246,63,130,2097342,0,1363664,0,0.3,27.7,Mings,7,45,0.8222222222222223,106.8888888888889
José Malheiro de Sá,0,18,683,,,11,0.31,149065,,,0,0,0,0,0.0,757,84,,,2,1.0,1.5,1.3,1,0.0,0.0,0.0,0.0,0.0,54.63,1.52,0.0,José,1.8,195,19,55,1.53,0,84.7,162,5,478,False,845.6,18,5,3240,,,5.0,190,8,0,0,,2,,149065.jpg,4.1,48,11,0,108,3.0,Malheiro de Sá,5.1,75,15,False,,36,1.0,a,20,39,0.0,752,80,148,1068154,0,1012521,0,0.4,29.6,Sá,2,743,0.82,121.36
Kepa Arrizabalaga,0,15,575,100.0,100.0,9,0.32,109745,,,0,0,0,0,0.1,510,12,,,2,1.0,1.3,1.5,3,0.0,0.0,0.0,0.0,0.0,38.34,1.35,0.0,Kepa,2.0,162,15,33,1.16,0,70.6,216,13,133,False,706.2,43,13,2565,,2022-10-29T17:30:06.932408Z,5.0,355,18,0,0,,0,,109745.jpg,4.1,45,10,0,91,3.19,Arrizabalaga,6.4,61,10,False,,29,1.02,a,6,8,0.0,653,72,118,1984646,0,1341981,0,0.4,26.2,Arrizabalaga,1,203,0.82,96.75999999999999
Kieran Trippier,9,39,941,100.0,100.0,16,0.43,77794,1.0,,0,0,10,-10,1818.5,1,1,1.0,,5,2.0,5.1,4.3,0,12.03,0.32,12.88,0.34,0.85,38.41,1.03,0.02,Kieran,3.8,59,14,31,0.83,1,284.3,9,1,357,True,904.8,13,2,3342,,2023-05-18T23:00:10.858550Z,6.5,68,5,1,0,,0,,77794.jpg,5.2,13,1,0,0,0.0,Trippier,62.4,2,1,False,,38,1.02,a,15,4,117.0,250,66,198,7596439,0,3240266,0,0.6,33.0,Trippier,5,552,0.8,158.4
Robert Sánchez,0,10,380,,,6,0.26,215059,,,0,0,-1,1,0.1,509,11,,,0,1.0,0.0,0.0,0,0.01,0.0,0.01,0.0,0.0,27.6,1.2,0.0,Robert,0.0,588,80,30,1.3,0,43.9,304,20,113,False,439.0,140,20,2070,,,4.5,505,23,0,0,,1,,215059.jpg,3.6,88,17,0,48,2.09,Sánchez,7.6,53,8,False,,23,1.0,a,5,36,0.0,627,67,82,2056362,0,2405364,0,0.0,18.6,Sánchez,2,165,0.8,65.60000000000001
Sven Botman,2,8,666,100.0,100.0,13,0.37,220237,,,0,0,0,0,120.1,259,70,,,0,2.0,3.9,3.8,3,1.09,0.03,3.84,0.11,2.75,38.0,1.09,0.08,Sven,3.3,77,21,30,0.86,0,98.1,134,27,377,False,554.4,95,28,3127,,2023-03-27T21:30:09.203694Z,4.5,375,76,0,0,,0,,220237.jpg,3.6,89,21,0,0,0.0,Botman,6.9,56,20,False,,35,1.01,a,15,4,303.0,121,7,129,1539933,0,1024228,0,0.7,28.7,Botman,2,572,0.8,103.2
Alisson Ramses Becker,1,15,824,100.0,100.0,14,0.38,116535,,,0,0,0,0,10.1,449,8,,,1,1.0,6.6,5.7,0,0.02,0.0,0.02,0.0,0.0,50.02,1.35,0.0,Alisson,4.7,31,2,43,1.16,0,97.6,137,4,281,False,966.4,9,4,3330,,2023-04-14T10:30:09.102204Z,5.5,106,1,0,0,,1,,116535.jpg,4.4,26,6,0,107,2.89,Ramses Becker,16.8,20,3,False,,37,1.0,a,12,14,0.0,774,85,162,2149018,0,2415119,0,0.9,29.5,Alisson,1,443,0.8,129.6
Willian Borges da Silva,7,11,442,100.0,100.0,9,0.38,47431,2.0,,0,0,0,0,658.8,36,29,,,2,3.0,5.2,5.2,5,2.99,0.13,6.45,0.28,3.46,34.39,1.46,0.15,Willian,5.2,20,13,22,0.93,5,153.6,63,43,614,False,430.2,147,62,2127,,2023-04-26T08:00:09.749314Z,5.5,103,55,0,0,,0,,47431.jpg,4.3,31,13,0,0,0.0,Borges da Silva,0.5,279,92,False,,25,1.06,a,9,54,447.0,71,46,116,198837,0,159246,0,0.9,21.1,Willian,2,352,0.7818181818181817,90.69090909090909
Ben Mee,2,11,643,,,12,0.33,51927,,,0,0,3,-3,92.0,303,94,,,4,2.0,3.2,3.6,6,0.74,0.02,3.93,0.11,3.19,46.31,1.27,0.09,Ben,4.6,33,6,40,1.1,3,116.3,101,13,526,False,761.4,28,4,3269,,,5.0,260,36,0,0,,0,,51927.jpg,3.9,60,10,0,0,0.0,Mee,14.4,29,10,False,,37,1.02,a,4,94,307.0,119,6,143,3627031,0,2197556,0,1.0,29.8,Mee,2,146,0.78,111.54
Diogo Dalot Teixeira,2,19,502,100.0,100.0,10,0.42,216051,,,0,0,3,-3,418.6,76,9,,,4,2.0,1.8,1.9,2,1.53,0.06,4.02,0.16,2.49,34.27,1.43,0.1,Diogo,1.9,175,51,34,1.42,1,116.0,103,14,342,False,469.4,130,43,2152,,2023-02-03T14:00:09.276761Z,5.0,282,42,0,0,,0,,216051.jpg,3.9,61,11,0,0,0.0,Dalot Teixeira,6.3,63,21,False,,24,1.0,a,14,1,272.0,137,15,102,2822010,0,2636231,0,0.4,21.2,Dalot,6,523,0.78,79.56
Fabian Schär,3,6,617,100.0,100.0,15,0.42,119471,,,0,0,6,-6,263.9,135,26,2.0,,1,2.0,2.1,2.2,2,2.05,0.06,6.68,0.19,4.63,36.65,1.03,0.13,Fabian,1.7,209,61,28,0.79,1,144.1,72,7,366,False,653.4,57,15,3207,,2023-04-23T21:30:07.825472Z,5.0,172,18,1,0,4.0,0,,119471.jpg,3.9,63,13,0,0,0.0,Schär,14.4,28,9,False,,36,1.01,a,15,4,521.0,56,1,139,3923060,0,2737767,0,0.3,27.3,Schär,7,561,0.78,108.42
Lukasz Fabianski,0,10,622,100.0,100.0,9,0.26,37096,,,0,0,-1,1,0.0,752,82,,,0,1.0,3.0,2.7,1,0.0,0.0,0.0,0.0,0.0,45.55,1.32,0.0,Lukasz,2.7,114,12,48,1.39,0,75.4,194,10,455,False,755.6,31,9,3111,,2023-02-25T22:30:08.460281Z,4.5,220,9,0,0,,1,,37096.jpg,3.5,104,21,0,109,3.15,Fabianski,1.2,174,27,False,,36,1.04,a,19,21,0.0,745,77,127,235001,0,255703,0,0.6,25.9,Fabianski,1,711,0.7777777777777778,98.77777777777779
Kurt Zouma,1,8,385,100.0,100.0,7,0.32,103192,,,0,0,-1,1,18.7,419,148,,,3,2.0,0.4,0.3,0,0.11,0.0,2.07,0.09,1.96,27.88,1.26,0.09,Kurt,0.3,366,114,29,1.31,2,67.4,223,67,461,False,415.0,153,55,1988,,2023-05-02T20:30:09.058140Z,4.5,483,95,0,0,,0,,103192.jpg,3.5,102,25,0,0,0.0,Zouma,1.4,167,56,False,,24,1.09,a,19,21,239.0,154,20,88,423637,0,450926,0,0.1,20.0,Zouma,0,716,0.7777777777777778,68.44444444444444
Nick Pope,0,14,678,0.0,0.0,14,0.39,98747,,,0,0,4,-4,20.0,418,4,,,3,1.0,0.0,0.0,0,0.01,0.0,0.01,0.0,0.0,39.44,1.09,0.0,Nick,3.3,78,9,32,0.88,0,72.9,205,11,376,False,709.6,41,12,3261,Hand injury - Expected back 01 Jul,2023-05-24T14:30:11.239407Z,5.5,122,3,0,0,,2,,98747.jpg,4.2,38,9,1,87,2.4,Pope,18.0,17,2,False,,37,1.02,i,15,4,0.0,769,83,157,4200995,0,3039012,0,0.6,29.1,Pope,3,571,0.7636363636363637,119.89090909090909
Aaron Ramsdale,0,9,664,100.0,100.0,14,0.37,225321,,,0,0,-2,2,0.0,750,80,,,3,1.0,4.7,5.1,6,0.02,0.0,0.02,0.0,0.0,42.31,1.11,0.0,Aaron,4.6,34,3,43,1.13,0,76.2,191,8,15,False,761.4,29,8,3420,,2022-08-31T22:30:06.428076Z,5.0,283,11,0,0,,0,,225321.jpg,3.8,71,14,0,94,2.47,Ramsdale,11.4,40,7,False,,38,1.0,a,1,3,0.0,743,75,143,1717985,0,2122893,0,1.0,29.8,Ramsdale,1,12,0.76,108.68
Gabriel dos Santos Magalhães,0,15,723,100.0,100.0,14,0.37,226597,,,0,0,2,-2,129.7,244,63,,,3,2.0,3.3,3.9,6,0.66,0.02,5.7,0.15,5.04,41.84,1.1,0.13,Gabriel,3.4,74,19,43,1.14,3,126.5,86,10,16,False,733.8,37,8,3409,,2023-05-03T06:30:06.887452Z,5.0,162,17,0,0,,0,,226597.jpg,3.8,74,15,0,0,0.0,dos Santos Magalhães,13.4,30,11,False,,38,1.0,a,1,3,401.0,87,3,146,2905664,0,2469370,0,0.7,28.1,Gabriel,5,13,0.76,110.96000000000001
Emiliano Martínez Romero,0,15,678,100.0,100.0,11,0.32,98980,,,0,0,0,0,23.0,411,2,,,3,1.0,2.2,2.4,3,0.21,0.01,0.21,0.01,0.0,43.46,1.25,0.0,Emiliano,2.4,131,14,38,1.09,0,83.5,167,6,31,False,813.0,20,6,3139,,2023-04-22T17:30:07.881117Z,5.0,187,7,1,0,,1,,98980.jpg,3.8,73,15,0,98,2.81,Martínez Romero,6.6,58,9,False,,36,1.03,a,2,7,0.0,751,79,135,1063341,0,1032874,0,0.5,27.0,Martínez,7,37,0.76,102.6
Dan Burn,0,6,584,,,14,0.41,78916,,,0,0,0,0,230.4,154,34,,,1,2.0,4.3,3.8,1,1.28,0.04,3.4,0.1,2.12,36.33,1.05,0.06,Dan,3.3,76,20,30,0.87,1,104.8,115,19,358,False,550.2,97,30,3109,,,4.5,346,62,0,0,,0,,78916.jpg,3.4,114,28,0,0,0.0,Burn,4.3,86,32,False,,35,1.01,a,15,4,265.0,143,16,129,972922,0,643590,0,0.7,28.7,Burn,5,553,0.7555555555555555,97.46666666666667
Jordan Pickford,1,10,666,100.0,100.0,8,0.22,111234,,,0,0,-1,1,23.0,410,1,,,1,1.0,4.7,4.9,5,0.35,0.01,0.35,0.01,0.0,66.41,1.79,0.0,Jordan,4.4,38,5,57,1.54,0,101.3,123,3,182,False,991.2,7,3,3330,,2022-09-07T22:00:06.103183Z,4.5,486,22,0,0,,1,,111234.jpg,3.4,112,23,0,124,3.35,Pickford,6.2,64,11,False,,37,1.0,a,8,11,0.0,621,66,124,991703,0,956939,0,1.0,28.2,Pickford,6,285,0.7555555555555555,93.68888888888888
Norberto Murara Neto,0,9,510,100.0,100.0,6,0.23,69752,,,0,0,0,0,0.0,664,77,,,1,1.0,1.7,1.3,0,0.02,0.0,0.02,0.0,0.0,44.7,1.69,0.0,Norberto,1.8,185,18,39,1.47,0,72.8,206,12,574,False,727.6,38,11,2385,,2022-10-25T11:30:07.951201Z,4.5,345,16,0,0,,0,,69752.jpg,3.4,113,24,0,100,3.77,Murara Neto,0.6,256,39,False,,27,1.02,a,3,91,0.0,647,70,93,140862,0,101368,0,0.4,20.7,Neto,4,104,0.7555555555555555,70.26666666666667
Marcus Tavernier,4,12,315,0.0,0.0,5,0.26,201658,4.0,,0,0,-3,3,348.4,101,75,3.0,,3,3.0,0.0,0.0,0,1.37,0.07,4.5,0.23,3.13,31.77,1.64,0.16,Marcus,0.0,708,293,37,1.91,5,124.2,91,63,535,False,459.8,132,57,1740,Hamstring injury - Expected back 01 Jul,2023-04-27T23:30:09.287223Z,5.5,317,191,0,0,,0,,201658.jpg,4.1,46,22,0,0,0.0,Tavernier,0.2,383,136,False,,19,0.98,i,3,91,436.0,76,49,94,163444,0,162889,0,0.0,20.0,Tavernier,1,101,0.7454545454545454,70.07272727272726
Benjamin White,5,12,734,,,15,0.44,198869,,,0,0,5,-5,491.2,61,8,,,1,2.0,3.3,3.9,6,3.6,0.11,4.85,0.15,1.25,37.23,1.1,0.04,Benjamin,3.4,71,18,35,1.03,2,130.0,84,9,10,True,649.0,59,17,3054,,,5.5,197,24,0,0,,0,,198869.jpg,4.1,49,6,0,0,0.0,White,16.1,21,6,False,,36,1.06,a,1,3,159.0,208,38,156,3320417,0,2217969,0,0.7,31.2,White,5,7,0.7454545454545454,116.29090909090908
Oleksandr Zinchenko,2,8,500,0.0,0.0,10,0.42,206325,,,0,0,0,0,387.7,86,12,,,2,2.0,0.0,0.0,0,2.39,0.1,3.71,0.16,1.32,26.67,1.13,0.06,Oleksandr,1.6,221,67,28,1.19,1,98.3,132,26,313,False,405.0,161,60,2122,Calf injury - Expected back 01 Jul,2023-05-12T07:30:08.369212Z,5.0,204,28,0,0,,0,,206325.jpg,3.7,83,20,0,0,0.0,Zinchenko,9.0,46,16,False,,26,1.1,i,1,3,190.0,185,30,99,3068591,0,4119808,0,0.3,19.8,Zinchenko,3,26,0.74,73.26
Pervis Estupiñán,7,15,593,100.0,100.0,10,0.34,204214,,,0,0,5,-5,752.9,24,4,,,3,2.0,5.3,4.8,1,3.88,0.13,5.68,0.19,1.8,41.6,1.4,0.06,Pervis,4.8,26,5,43,1.45,1,161.3,56,6,586,False,570.2,87,25,2674,,2023-02-27T17:00:09.053149Z,5.0,201,26,0,0,,0,,204214.jpg,3.7,82,19,0,0,0.0,Estupiñán,20.5,13,3,False,,31,1.04,a,5,36,295.0,123,9,128,3358934,0,1067710,0,1.0,25.6,Estupiñán,4,184,0.74,94.72
Emerson Leite de Souza Junior,2,9,402,100.0,100.0,7,0.36,241157,,,0,0,-2,2,178.9,194,45,,,2,2.0,2.0,2.0,2,0.97,0.05,2.58,0.13,1.61,22.24,1.16,0.08,Emerson,2.0,166,48,27,1.41,2,78.7,180,45,445,False,376.2,186,72,1729,,2023-03-27T14:30:09.344495Z,4.5,288,43,0,0,,0,,241157.jpg,3.3,121,29,1,0,0.0,Leite de Souza Junior,1.8,144,51,False,,20,1.04,a,18,6,230.0,161,22,86,996965,0,1039357,0,0.4,17.9,Emerson Royal,2,691,0.7333333333333333,63.06666666666666
Luke Shaw,4,20,626,50.0,50.0,12,0.42,106760,3.0,,0,0,3,-3,547.7,47,7,4.0,,4,2.0,2.4,2.0,0,2.9,0.1,3.99,0.14,1.09,37.85,1.33,0.04,Luke,4.0,54,11,35,1.23,1,124.2,92,12,332,False,572.8,85,23,2552,Back injury - 50% chance of playing,2023-05-25T22:00:12.627114Z,5.5,136,16,0,0,,0,,106760.jpg,4.0,54,7,0,0,0.0,Shaw,19.2,14,4,False,,30,1.06,d,14,1,118.0,249,65,124,5515072,0,3556992,0,0.8,23.4,Shaw,8,513,0.7272727272727273,90.18181818181819
John Stones,2,13,422,100.0,100.0,7,0.34,97299,,,0,0,1,-1,164.1,207,50,,,1,2.0,2.8,2.6,0,0.97,0.05,2.0,0.1,1.03,13.56,0.66,0.05,John,1.6,225,68,17,0.83,2,69.6,219,65,302,False,396.0,167,63,1844,,2023-01-28T00:00:08.591408Z,5.5,89,9,1,0,,0,,97299.jpg,4.0,55,8,0,0,0.0,Stones,8.2,48,17,False,,21,1.02,a,13,43,135.0,231,52,93,1416852,0,810277,0,0.3,16.6,Stones,2,475,0.7272727272727273,67.63636363636364
Hugo Lloris,0,12,456,0.0,0.0,7,0.29,37915,,,0,0,-1,1,0.0,770,85,,,1,1.0,0.0,0.0,0,0.0,0.0,0.0,0.0,0.0,30.16,1.23,0.0,Hugo,0.0,758,85,39,1.59,0,54.0,266,17,425,False,540.0,102,17,2205,Muscle injury - Expected back 01 Jul,2023-04-23T21:30:08.038504Z,5.0,116,2,1,0,,0,,37915.jpg,3.6,93,18,0,79,3.22,Lloris,3.2,105,19,False,,25,1.02,i,18,6,0.0,767,82,89,507423,0,748961,0,0.0,16.5,Lloris,0,671,0.72,64.08
Issa Diop,0,8,422,,,7,0.31,219924,,,0,0,-2,2,27.7,402,143,,,1,2.0,3.0,2.7,1,0.49,0.02,0.78,0.03,0.29,35.86,1.61,0.01,Issa,2.7,112,27,26,1.17,1,53.8,267,90,470,False,432.6,144,49,2008,,,4.5,571,145,0,0,,0,,219924.jpg,3.2,130,34,0,0,0.0,Diop,0.3,328,120,False,,21,0.94,a,9,54,78.0,307,98,79,96417,0,85662,0,0.6,18.4,Diop,2,345,0.7111111111111111,56.17777777777778
Nayef Aguerd,0,5,320,100.0,100.0,5,0.28,210494,,,0,0,-2,2,67.5,335,112,,,1,2.0,3.0,2.7,1,0.23,0.01,2.46,0.14,2.23,28.42,1.6,0.13,Nayef,2.7,113,28,28,1.58,2,58.5,252,81,472,False,404.4,163,61,1594,,2023-05-21T21:00:09.157593Z,4.5,281,41,0,0,,0,,210494.jpg,3.2,135,39,0,0,0.0,Aguerd,0.4,289,105,False,,17,0.96,a,19,21,113.0,258,70,58,90416,0,62216,0,0.6,12.1,Aguerd,4,726,0.7111111111111111,41.24444444444445
Rodrigo Bentancur,2,7,342,0.0,0.0,6,0.36,202993,,,0,0,-2,2,180.2,190,119,,,2,3.0,0.0,0.0,0,0.68,0.04,2.94,0.18,2.26,19.71,1.18,0.14,Rodrigo,0.0,754,328,24,1.44,5,90.7,148,89,440,False,489.6,119,53,1501,Knee injury - Expected back 13 Aug,2023-02-11T19:00:09.422201Z,5.5,147,79,0,0,,0,,202993.jpg,3.9,65,29,0,0,0.0,Bentancur,0.3,345,119,False,,17,1.02,i,18,6,236.0,157,93,71,106067,0,130566,0,0.0,13.4,Bentancur,8,686,0.7090909090909091,50.345454545454544
Miguel Almirón Rejala,4,15,511,100.0,100.0,15,0.54,179018,3.0,,0,0,4,-4,424.0,73,61,,,3,3.0,2.9,2.8,2,3.0,0.11,11.03,0.4,8.03,28.35,1.03,0.29,Miguel,2.3,138,68,22,0.8,11,187.5,36,25,369,False,599.2,76,34,2487,,2023-03-17T17:00:07.563804Z,6.5,126,67,0,0,,0,,179018.jpg,4.6,20,8,0,0,0.0,Almirón Rejala,12.8,32,10,False,,29,1.05,a,15,4,849.0,25,14,158,6580630,0,5463951,0,0.4,29.3,Almirón,2,564,0.7076923076923076,111.8153846153846
Nathan Aké,0,9,419,50.0,50.0,9,0.43,126184,,,0,0,0,0,161.6,209,52,,,1,2.0,1.9,2.2,8,1.3,0.06,2.85,0.13,1.55,16.48,0.79,0.07,Nathan,3.4,70,17,15,0.72,1,69.7,218,64,308,False,383.4,178,68,1871,Hamstring injury - 50% chance of playing,2023-05-06T20:30:08.256250Z,5.0,188,21,0,0,,0,,126184.jpg,3.5,105,26,0,0,0.0,Aké,2.4,125,45,False,,22,1.06,d,13,43,150.0,218,43,92,1184646,0,1087755,0,0.7,18.4,Aké,2,480,0.7,64.39999999999999
Solly March,10,16,559,25.0,25.0,10,0.33,109345,2.0,,0,0,2,-2,965.8,11,9,2.0,,4,3.0,0.1,0.1,0,5.9,0.2,12.91,0.43,7.01,37.58,1.24,0.23,Solly,0.4,362,174,40,1.32,6,271.4,11,8,107,False,791.8,23,10,2719,Hamstring injury - 25% chance of playing,2023-05-08T20:30:07.871969Z,6.5,158,87,0,0,,0,,109345.jpg,4.5,21,9,0,0,0.0,March,4.4,85,26,False,,31,1.03,d,5,36,955.0,16,6,147,3040944,0,2610197,0,0.1,28.3,March,2,162,0.6923076923076923,101.76923076923077
Douglas Luiz Soares de Paulo,7,17,594,100.0,100.0,13,0.4,230046,1.0,,0,0,-2,2,655.4,37,30,1.0,,2,3.0,5.5,5.8,7,2.92,0.09,5.71,0.18,2.79,42.8,1.32,0.09,Douglas Luiz,5.8,13,8,35,1.08,6,155.8,60,41,46,False,661.6,53,22,2922,,2023-01-02T01:30:08.503948Z,5.5,286,171,0,0,,0,,230046.jpg,3.8,72,32,1,0,0.0,Soares de Paulo,1.0,193,66,False,,33,1.02,a,2,7,242.0,149,88,142,213403,0,174571,0,1.2,29.6,Douglas Luiz,6,52,0.6909090909090909,98.10909090909091
Joël Veltman,1,6,447,100.0,100.0,10,0.41,111478,,,0,0,1,-1,200.8,179,42,,,3,2.0,0.9,0.8,0,1.02,0.04,2.74,0.11,1.72,27.53,1.13,0.07,Joël,0.8,298,95,29,1.2,1,77.2,187,49,109,False,406.2,160,59,2183,,2023-05-04T23:30:08.916583Z,4.5,329,56,0,0,,0,,111478.jpg,3.1,141,42,0,0,0.0,Veltman,2.4,126,46,False,,25,1.03,a,5,36,162.0,205,36,95,1207858,0,1084195,0,0.2,20.7,Veltman,6,164,0.6888888888888889,65.44444444444444
Gabriel Martinelli Silva,9,18,648,0.0,0.0,14,0.45,444145,4.0,,0,0,5,-5,838.1,17,14,3.0,,4,3.0,0.0,0.0,0,6.98,0.23,16.13,0.53,9.15,36.16,1.17,0.3,Gabriel,1.6,227,110,33,1.06,15,298.1,7,5,19,True,844.2,19,9,2789,Ankle injury - Expected back 01 Jul,2023-05-14T20:00:08.628890Z,8.0,56,28,0,0,3.0,0,,444145.jpg,5.5,10,5,0,0,0.0,Martinelli Silva,26.3,10,5,False,,34,1.1,i,1,3,1300.0,5,3,198,7872522,0,7632579,0,0.2,30.5,Martinelli,3,15,0.6875,136.125
Andreas Hoelgebaum Pereira,10,9,360,0.0,0.0,8,0.27,156689,1.0,,0,0,-2,2,965.0,12,10,1.0,,2,3.0,0.0,0.0,0,4.26,0.14,11.42,0.38,7.16,47.49,1.59,0.24,Andreas,0.2,381,180,40,1.34,4,189.3,34,23,346,False,440.6,139,59,2696,Ankle injury - Expected back 01 Jul,2023-04-30T23:00:08.532145Z,5.5,554,301,0,0,2.0,0,,156689.jpg,3.7,77,34,0,0,0.0,Hoelgebaum Pereira,10.1,44,13,False,,33,1.1,i,9,54,495.0,63,39,123,3435282,0,4611032,0,0.0,28.6,Andreas,8,344,0.6727272727272727,82.74545454545455
Martin Ødegaard,8,30,813,100.0,100.0,13,0.37,184029,3.0,,0,0,4,-4,1100.4,7,5,1.0,,5,3.0,7.7,6.9,3,8.02,0.23,17.77,0.51,9.75,37.94,1.09,0.28,Martin,6.4,8,4,38,1.09,15,298.3,6,4,7,True,960.0,10,3,3132,,2023-03-09T22:30:08.763464Z,8.5,44,22,0,0,,0,,184029.jpg,5.7,7,3,0,0,0.0,Ødegaard,33.3,5,3,False,,37,1.06,a,1,3,920.0,18,8,212,7014051,0,5015435,0,0.9,30.7,Ødegaard,4,4,0.6705882352941177,142.16470588235296
Rico Henry,3,4,505,100.0,100.0,11,0.31,194010,,,0,0,-1,1,401.9,82,11,,,1,2.0,1.0,2.0,7,2.9,0.08,4.7,0.13,1.8,48.49,1.35,0.05,Rico,3.0,89,23,46,1.28,0,104.5,116,20,85,False,444.4,137,46,3240,,2023-01-14T19:00:07.793768Z,4.5,498,106,0,0,,0,,194010.jpg,3.0,153,46,0,0,0.0,Henry,2.6,119,42,False,,37,1.03,a,4,94,197.0,184,29,112,806175,0,600875,0,0.7,25.5,Henry,4,127,0.6666666666666666,74.66666666666666
Craig Dawson,1,7,390,100.0,100.0,7,0.3,60232,,,0,0,-2,2,37.2,390,138,,,1,2.0,1.3,0.9,0,0.27,0.01,1.8,0.07,1.53,35.83,1.51,0.06,Craig,1.4,240,77,31,1.31,1,64.0,234,72,459,False,455.6,134,44,2134,,2022-10-13T22:30:06.917946Z,4.5,262,37,0,0,,0,,60232.jpg,3.0,156,49,0,0,0.0,Dawson,0.8,219,78,False,,25,1.05,a,20,39,145.0,222,46,75,213017,0,176723,0,0.3,15.6,Dawson,6,740,0.6666666666666666,50.0
Alexis Mac Allister,2,18,567,100.0,100.0,10,0.31,243016,,,0,0,1,-1,729.6,27,20,1.0,,3,3.0,4.1,3.9,2,4.27,0.13,16.32,0.51,12.05,40.48,1.26,0.38,Alexis,3.9,56,29,45,1.41,10,217.8,22,14,116,False,741.0,34,15,2882,,2023-01-21T18:30:07.117166Z,6.0,100,53,1,0,1.0,0,,243016.jpg,4.0,56,26,0,0,0.0,Mac Allister,14.7,26,8,False,,31,0.97,a,5,36,706.0,32,18,140,3561988,0,2030056,0,0.7,25.0,Mac Allister,8,168,0.6666666666666666,93.33333333333333
Virgil van Dijk,1,13,636,100.0,100.0,11,0.35,97032,,,0,0,1,-1,121.0,257,68,,,3,2.0,6.2,5.3,0,1.09,0.03,3.59,0.11,2.5,41.17,1.31,0.08,Virgil,4.3,43,7,36,1.14,3,125.4,87,11,280,False,743.2,33,6,2835,,2023-01-06T22:30:07.357716Z,6.0,48,4,0,0,,0,,97032.jpg,4.0,57,9,0,0,0.0,van Dijk,12.4,38,13,False,,32,1.02,a,12,14,389.0,91,5,127,1780745,0,2302625,0,0.7,19.2,Van Dijk,3,442,0.6666666666666666,84.66666666666666
Tim Ream,0,12,560,0.0,0.0,8,0.25,82514,,,0,0,0,0,65.2,345,118,,,2,2.0,0.0,0.0,0,0.27,0.01,0.51,0.02,0.24,54.05,1.68,0.01,Tim,0.2,386,126,44,1.37,1,74.8,198,54,201,False,604.2,74,20,2898,Arm injury - Expected back 01 Jul,2023-04-30T20:30:07.347866Z,4.5,347,63,0,0,,0,,82514.jpg,3.0,155,48,0,0,0.0,Ream,1.2,176,60,False,,33,1.02,i,9,54,76.0,310,100,98,662408,0,562155,0,0.0,21.8,Ream,2,323,0.6666666666666666,65.33333333333333
Ashley Young,0,8,388,,,9,0.4,18892,,,0,0,-2,2,223.4,161,36,,,1,2.0,1.2,1.0,0,0.78,0.03,1.24,0.05,0.46,31.81,1.41,0.02,Ashley,1.0,272,88,28,1.24,1,68.7,221,66,538,False,380.2,180,70,2031,,,4.5,536,123,0,0,,0,,18892.jpg,3.0,151,45,0,0,0.0,Young,0.8,205,73,False,,23,1.02,a,2,7,81.0,300,94,87,267878,0,206399,0,0.2,20.2,Young,7,65,0.6666666666666666,58.0
Pascal Groß,8,14,748,100.0,100.0,11,0.31,60307,1.0,,0,0,-1,1,1215.4,4,3,,,3,3.0,4.7,4.8,5,8.93,0.25,14.12,0.39,5.19,48.43,1.35,0.14,Pascal,4.8,28,18,51,1.42,9,268.6,12,9,104,False,888.4,15,6,3240,,2023-05-04T23:30:08.893581Z,6.5,119,63,1,0,2.0,0,,60307.jpg,4.3,30,12,0,0,0.0,Groß,11.0,41,12,False,,37,1.03,a,5,36,578.0,51,32,159,4598699,0,3826265,0,0.9,29.4,Groß,7,160,0.6615384615384615,105.18461538461538
Marcus Rashford,7,21,530,100.0,100.0,13,0.41,176297,,,0,0,7,-7,459.7,67,56,2.0,,5,3.0,2.8,2.7,2,2.86,0.09,18.13,0.57,15.27,43.46,1.36,0.48,Marcus,2.7,118,59,39,1.22,17,277.6,10,7,335,True,887.8,16,7,2880,,2023-05-12T13:30:09.746071Z,9.0,33,17,0,0,3.0,0,,176297.jpg,5.9,6,2,0,0,0.0,Rashford,37.8,3,1,False,,32,1.0,a,14,1,1427.0,4,2,205,10735832,0,7923759,0,0.4,28.5,Rashford,2,516,0.6555555555555556,134.38888888888889
Mathias Jensen,7,11,498,100.0,100.0,10,0.32,207283,2.0,,0,0,-2,2,787.9,21,18,2.0,,2,3.0,2.0,1.4,0,4.79,0.15,7.13,0.23,2.34,40.47,1.3,0.08,Mathias,2.4,130,64,40,1.28,5,164.1,53,38,88,False,644.0,61,24,2805,,2022-10-29T19:30:07.406123Z,5.5,280,169,0,0,,0,,207283.jpg,3.6,90,39,0,0,0.0,Jensen,1.8,140,49,False,,37,1.19,a,4,94,208.0,175,105,132,923066,0,795941,0,0.5,27.5,Jensen,5,130,0.6545454545454545,86.4
Jacob Ramsey,8,13,470,100.0,100.0,11,0.38,232653,,,0,0,-4,4,496.7,59,49,,,3,3.0,5.0,5.8,9,2.89,0.1,7.96,0.27,5.07,40.5,1.38,0.17,Jacob,5.8,14,9,33,1.13,6,152.8,65,45,47,False,607.2,72,31,2634,,2022-12-20T01:00:07.011748Z,6.0,179,102,1,0,,0,,232653.jpg,3.9,64,28,0,0,0.0,Ramsey,1.5,160,56,False,,31,1.06,a,2,7,424.0,80,51,135,352106,0,387464,0,1.1,26.5,Ramsey,5,53,0.65,87.75
Morgan Gibbs-White,12,11,479,100.0,100.0,8,0.23,222531,1.0,,0,0,0,0,941.1,13,11,1.0,,1,3.0,5.8,5.4,4,6.06,0.17,12.83,0.36,6.77,57.88,1.65,0.19,Morgan,5.4,19,12,61,1.74,5,215.7,24,16,493,False,593.4,79,36,3151,,2023-01-30T18:00:08.003157Z,6.0,112,61,0,0,2.0,0,,222531.jpg,3.9,66,30,0,0,0.0,Gibbs-White,1.3,171,57,False,,36,1.03,a,16,17,624.0,40,25,145,346117,0,237680,0,1.0,26.4,Gibbs-White,6,606,0.65,94.25
Eberechi Eze,5,21,580,,,9,0.31,232413,2.0,,0,0,2,-2,800.4,19,16,1.0,,4,3.0,8.0,6.8,2,2.92,0.1,10.17,0.35,7.25,32.64,1.12,0.25,Eberechi,6.8,5,3,35,1.2,10,208.9,25,17,169,False,692.8,45,19,2631,,,6.5,85,47,0,0,,0,,232413.jpg,4.2,39,18,0,0,0.0,Eze,12.8,34,11,False,,30,1.03,a,7,31,597.0,45,28,159,2768543,0,1474235,0,1.2,27.9,Eze,3,257,0.6461538461538462,102.73846153846155
Kaoru Mitoma,9,11,457,100.0,100.0,8,0.31,451340,,,0,0,7,-7,567.6,44,36,,,4,3.0,3.0,2.8,1,4.93,0.19,13.22,0.51,8.29,35.52,1.38,0.32,Kaoru,2.8,109,55,35,1.36,7,198.9,30,20,124,False,566.8,89,40,2311,,2022-10-15T09:30:07.136345Z,6.5,87,48,0,0,,0,,451340.jpg,4.2,40,19,0,0,0.0,Mitoma,27.3,9,4,False,,24,0.93,a,5,36,857.0,23,12,138,4867333,0,1839456,0,0.5,24.2,Mitoma,0,176,0.6461538461538462,89.16923076923078
Serge Aurier,0,8,336,100.0,100.0,6,0.28,80226,,,0,0,-2,2,164.1,206,49,,,1,2.0,2.2,2.2,2,0.92,0.04,1.66,0.07,0.74,33.13,1.53,0.03,Serge,2.2,141,37,31,1.44,1,70.9,215,63,628,False,431.0,145,50,1943,,2023-05-09T07:30:09.004860Z,4.5,540,126,0,0,,0,,80226.jpg,2.9,164,53,0,0,0.0,Aurier,0.3,313,114,False,,22,1.02,a,16,17,112.0,261,71,70,232293,0,208094,0,0.5,16.3,Aurier,2,620,0.6444444444444444,45.11111111111111
Eric Dier,1,5,569,0.0,0.0,9,0.29,93264,,,0,0,0,0,112.3,269,76,3.0,,0,2.0,0.0,0.0,0,0.55,0.02,2.31,0.08,1.76,43.12,1.38,0.06,Eric,0.2,399,130,52,1.66,2,100.1,125,25,430,False,653.2,58,16,2816,Groin Injury - Expected back 01 Jul,2023-05-26T15:00:12.519549Z,4.5,186,20,0,0,,0,,93264.jpg,2.9,173,58,0,0,0.0,Dier,4.8,80,28,False,,31,0.99,i,18,6,235.0,158,21,96,1666908,0,1626420,0,0.0,19.2,Dier,3,676,0.6444444444444444,61.86666666666666
Ezri Konsa Ngoyo,0,6,633,100.0,100.0,12,0.33,199798,,,0,0,-1,1,116.1,264,74,,,0,2.0,1.8,1.8,2,0.71,0.02,1.79,0.05,1.08,50.67,1.37,0.03,Ezri,1.8,183,56,45,1.22,0,74.9,196,53,44,False,560.4,91,26,3322,,2022-07-05T15:30:04.118376Z,4.5,502,109,0,0,,0,,199798.jpg,2.9,168,56,0,0,0.0,Konsa Ngoyo,1.0,188,65,False,,37,1.0,a,2,7,72.0,314,102,110,214232,0,136598,0,0.4,25.0,Konsa,6,50,0.6444444444444444,70.88888888888889
Max Kilman,1,12,622,100.0,100.0,11,0.3,214048,,,0,0,-2,2,66.9,337,113,,,3,2.0,1.3,0.9,0,0.5,0.01,1.81,0.05,1.31,56.6,1.54,0.04,Max,1.4,233,72,56,1.52,0,91.6,146,30,484,False,739.8,35,7,3307,,2022-07-05T15:30:04.265873Z,4.5,565,141,0,0,,0,,214048.jpg,2.9,166,54,0,0,0.0,Kilman,3.1,108,37,False,,37,1.01,a,20,39,106.0,270,76,109,981931,0,752479,0,0.3,25.3,Kilman,3,748,0.6444444444444444,70.24444444444444
Kenny Tete,5,1,484,100.0,100.0,7,0.25,167074,,,0,0,-1,1,385.6,87,13,,,0,2.0,2.2,3.2,8,1.9,0.07,2.64,0.1,0.74,46.78,1.64,0.03,Kenny,3.2,81,22,36,1.26,1,111.6,108,17,215,False,617.8,69,19,2569,,2022-11-05T18:00:07.270680Z,4.5,492,100,0,0,,0,,167074.jpg,2.9,167,55,0,0,0.0,Tete,0.4,283,103,False,,29,1.02,a,9,54,110.0,263,72,90,163954,0,149094,0,0.7,20.5,Tete,8,337,0.6444444444444444,57.99999999999999
Raphaël Varane,0,2,392,100.0,100.0,10,0.47,90152,,,0,0,-2,2,74.0,326,109,,,0,2.0,2.3,2.0,0,0.51,0.02,1.26,0.06,0.75,27.27,1.28,0.04,Raphaël,2.0,165,47,22,1.04,0,58.8,250,79,329,False,387.0,174,66,1912,,2023-04-13T22:30:08.845786Z,5.0,266,39,1,0,,0,,90152.jpg,3.2,134,38,0,0,0.0,Varane,3.1,107,36,False,,22,1.04,a,14,1,124.0,243,61,77,651331,0,656951,0,0.4,16.0,Varane,1,510,0.64,49.28
Callum Wilson,6,20,526,100.0,100.0,10,0.48,75115,,,0,0,-2,2,271.0,132,16,,,4,4.0,8.5,7.3,1,2.11,0.1,18.54,0.89,16.43,21.93,1.06,0.79,Callum,6.8,6,3,16,0.77,18,200.4,28,7,356,False,720.0,39,5,1870,,2023-02-11T19:00:09.248232Z,8.0,29,14,0,0,1.0,0,,75115.jpg,5.1,14,4,0,0,0.0,Wilson,17.2,19,5,False,,21,1.01,a,15,4,1020.0,14,9,157,4424113,0,2851962,0,0.9,21.5,Wilson,4,551,0.6375,100.08749999999999
Philip Billing,2,14,475,75.0,75.0,9,0.29,168991,5.0,,0,0,-5,5,388.8,85,67,1.0,,1,3.0,1.1,1.1,2,2.56,0.08,7.16,0.23,4.6,49.46,1.61,0.15,Philip,2.0,168,79,54,1.76,7,145.2,71,51,70,False,622.0,67,27,2766,Back injury - 75% chance of playing,2023-05-20T18:00:08.387604Z,5.5,192,108,0,0,,0,,168991.jpg,3.5,106,45,0,0,0.0,Billing,0.9,200,68,False,,34,1.11,d,3,91,441.0,72,47,126,557651,0,489100,0,0.4,25.2,Billing,5,91,0.6363636363636364,80.18181818181819
Ederson Santana de Moraes,1,8,581,,,11,0.31,121160,,,0,0,-1,1,13.1,441,5,,,0,1.0,2.8,3.0,3,0.22,0.01,0.22,0.01,0.0,28.08,0.8,0.0,Ederson,2.0,170,16,32,0.91,0,49.2,276,18,307,False,479.0,121,18,3150,,,5.5,125,4,0,0,,0,,121160.jpg,3.5,108,22,0,46,1.31,Santana de Moraes,15.0,24,5,False,,35,1.0,a,13,43,0.0,770,84,121,2129302,0,2361752,0,0.4,22.4,Ederson,3,479,0.6363636363636364,77.0
Joe Willock,7,11,415,0.0,0.0,12,0.42,200089,,,0,0,-3,3,547.0,48,39,,,0,3.0,0.0,0.0,0,4.29,0.15,11.59,0.41,7.3,29.62,1.04,0.26,Joe,1.8,189,86,26,0.92,3,174.9,46,33,373,False,520.8,107,45,2556,Hamstring injury - Expected back 01 Jul,2023-05-18T23:00:11.015277Z,5.5,315,189,0,0,,0,,200089.jpg,3.5,103,44,0,0,0.0,Willock,1.2,179,59,False,,31,1.09,i,15,4,680.0,35,20,123,432169,0,369919,0,0.4,26.2,Willock,1,568,0.6363636363636364,78.27272727272727
Dwight McNeil,5,14,505,,,5,0.18,433154,2.0,,0,0,-3,3,726.6,28,21,2.0,,2,3.0,7.3,6.5,3,5.45,0.2,8.96,0.33,3.51,51.3,1.85,0.13,Dwight,6.0,9,5,46,1.66,7,189.2,35,24,534,False,699.4,44,18,2490,,,5.5,164,92,0,0,,0,,433154.jpg,3.5,107,46,0,0,0.0,McNeil,2.0,132,45,False,,28,1.01,a,8,11,462.0,68,44,126,312911,0,121282,0,1.2,24.2,McNeil,5,304,0.6363636363636364,80.18181818181819
Harvey Barnes,2,0,379,100.0,100.0,6,0.2,201666,,,0,0,-4,4,305.1,116,84,,,0,3.0,4.0,4.6,7,2.33,0.08,11.4,0.38,9.07,50.76,1.69,0.3,Harvey,4.6,36,21,51,1.69,13,175.5,45,32,264,False,567.4,88,39,2709,,2023-04-08T22:30:08.249347Z,6.5,52,26,0,0,,0,,201666.jpg,4.1,51,25,0,0,0.0,Barnes,1.7,148,52,False,,32,1.06,a,10,13,883.0,20,10,138,672752,0,712661,0,0.7,20.9,Barnes,3,377,0.6307692307692307,87.04615384615384
Bukayo Saka,12,19,678,75.0,75.0,12,0.34,223340,1.0,,0,0,0,0,1091.8,8,6,,,7,3.0,2.0,2.6,6,5.97,0.17,17.46,0.49,11.49,39.66,1.12,0.32,Bukayo,3.0,97,48,42,1.19,14,322.8,5,3,13,True,972.2,8,2,3183,Knock - 75% chance of playing,2023-05-26T15:00:11.378383Z,8.5,18,8,0,1,1.0,0,,223340.jpg,5.3,12,6,0,0,0.0,Saka,25.6,11,6,False,,37,1.05,d,1,3,1164.0,9,4,202,6134396,0,5658739,0,0.4,25.2,Saka,6,10,0.6235294117647059,125.95294117647059
James Tarkowski,1,13,632,,,9,0.24,17761,,,0,0,-4,4,184.7,185,44,,,1,2.0,2.0,3.3,8,1.89,0.05,4.86,0.13,2.97,67.45,1.78,0.08,James,2.8,99,24,57,1.5,1,164.2,51,3,199,False,1019.6,6,1,3420,,,4.5,627,175,0,0,,0,,17761.jpg,2.8,179,59,0,0,0.0,Tarkowski,4.4,83,31,False,,38,1.0,a,8,11,435.0,77,2,106,1463649,0,1063756,0,0.7,25.9,Tarkowski,6,301,0.6222222222222222,65.95555555555556
Joel Ward,0,5,403,100.0,100.0,8,0.32,55494,,,0,0,-1,1,164.3,205,48,,,1,2.0,4.0,3.6,2,0.83,0.03,1.95,0.07,1.12,32.15,1.28,0.04,Joel,3.6,65,15,35,1.4,1,71.6,209,60,156,False,436.2,142,48,2253,,2023-02-11T00:30:08.857316Z,4.5,475,90,0,0,,0,,55494.jpg,2.8,183,62,0,0,0.0,Ward,0.4,282,102,False,,24,0.96,a,7,31,114.0,251,67,78,98084,0,79513,0,0.8,17.7,Ward,6,245,0.6222222222222222,48.53333333333333
Adam Webster,0,3,405,100.0,100.0,9,0.41,110735,,,0,0,0,0,104.0,283,85,,,1,2.0,1.6,1.5,1,0.45,0.02,2.17,0.1,1.72,25.8,1.17,0.08,Adam,1.5,229,70,27,1.23,0,58.4,253,82,108,False,354.0,198,78,1983,,2023-05-12T13:30:09.094624Z,4.5,356,68,1,0,,0,,110735.jpg,2.8,184,63,0,0,0.0,Webster,0.5,267,96,False,,23,1.04,a,5,36,126.0,240,59,75,238625,0,216704,0,0.3,16.7,Webster,2,163,0.6222222222222222,46.666666666666664
Lewis Dunk,1,7,648,,,12,0.33,83299,,,0,0,3,-3,163.6,208,51,3.0,,0,2.0,2.6,2.2,0,0.9,0.02,2.57,0.07,1.67,46.43,1.29,0.05,Lewis,2.2,149,43,50,1.39,1,102.4,121,23,106,False,661.4,54,12,3240,,,5.0,264,38,1,0,,0,,83299.jpg,3.1,143,43,0,0,0.0,Dunk,8.2,49,18,False,,36,1.0,a,5,36,198.0,183,28,112,1915846,0,1275189,0,0.5,23.3,Dunk,4,161,0.62,69.44
Pierre-Emile Højbjerg,5,10,629,75.0,75.0,10,0.29,132015,,,0,0,-2,2,501.7,58,48,,,2,3.0,1.4,1.0,0,3.13,0.09,5.15,0.15,2.02,45.05,1.29,0.06,Pierre-Emile,1.4,242,113,57,1.64,4,150.0,67,47,433,False,758.0,30,14,3131,Knock - 75% chance of playing,2023-05-20T15:30:10.632035Z,5.5,141,75,0,0,,0,,132015.jpg,3.4,117,50,0,0,0.0,Højbjerg,1.8,142,51,False,,35,1.01,d,18,6,237.0,155,91,120,805527,0,779765,0,0.3,22.6,Højbjerg,5,679,0.6181818181818182,74.18181818181819
Christian Eriksen,9,8,426,100.0,100.0,13,0.57,80607,1.0,,0,0,-3,3,564.3,45,37,1.0,,2,3.0,3.7,3.3,1,3.49,0.15,8.28,0.36,4.79,26.02,1.14,0.21,Christian,3.3,79,38,25,1.1,1,132.8,80,57,519,False,420.8,149,63,2046,,2023-01-29T00:30:07.768238Z,6.0,62,31,0,0,,0,,80607.jpg,3.7,87,38,0,0,0.0,Eriksen,2.5,122,42,False,,25,1.1,a,14,1,344.0,107,68,103,590670,0,853592,0,0.5,16.6,Eriksen,3,530,0.6166666666666667,63.51666666666667
Leandro Trossard,13,8,494,75.0,75.0,8,0.32,116216,2.0,,0,0,1,-1,687.1,30,23,,,3,3.0,1.5,2.6,9,6.02,0.24,12.39,0.5,6.37,30.79,1.24,0.26,Leandro,3.0,96,47,38,1.53,8,216.6,23,15,111,False,620.0,68,28,2237,Knock - 75% chance of playing,2023-05-26T15:00:11.583349Z,7.0,49,25,0,0,,0,,116216.jpg,4.3,32,14,0,0,0.0,Trossard,7.2,55,18,False,,26,1.05,d,1,3,859.0,22,11,154,5012558,0,4595357,0,0.5,23.3,Trossard,1,24,0.6142857142857142,94.6
Antonee Robinson,2,5,558,100.0,100.0,9,0.26,169528,,,0,0,-1,1,417.6,77,10,,,0,2.0,2.6,2.3,1,1.68,0.05,1.75,0.05,0.07,55.11,1.61,0.0,Antonee,2.3,137,35,44,1.28,0,102.9,120,22,217,False,553.0,96,29,3088,,2023-02-16T16:30:09.641524Z,4.5,494,102,0,0,,0,,169528.jpg,2.7,195,68,0,0,0.0,Robinson,0.5,261,92,False,,35,1.02,a,9,54,57.0,334,113,93,145071,0,108528,0,0.5,21.1,Robinson,8,339,0.6000000000000001,55.80000000000001
Seamus Coleman,0,5,314,0.0,0.0,5,0.27,59949,,,0,0,-4,4,108.7,277,81,,,1,2.0,0.0,0.0,0,0.92,0.05,1.22,0.07,0.3,33.5,1.82,0.02,Seamus,0.0,528,202,25,1.36,1,50.4,273,93,178,False,297.8,226,83,1654,Knee injury - Expected back 01 Jul,2023-04-08T22:30:08.108199Z,4.5,631,176,0,0,,0,,59949.jpg,2.7,194,67,0,0,0.0,Coleman,0.3,334,124,False,,20,1.09,i,8,11,95.0,279,80,63,194808,0,177142,0,0.0,15.4,Coleman,1,281,0.6000000000000001,37.800000000000004
Lisandro Martínez,0,6,481,0.0,0.0,9,0.38,221820,,,0,0,-1,1,110.4,272,79,,,0,2.0,0.0,0.0,0,1.02,0.04,1.48,0.06,0.46,32.52,1.39,0.02,Lisandro,0.0,589,236,33,1.41,1,76.7,189,50,533,False,571.8,86,24,2113,Foot injury - Expected back 01 Jul,2023-04-13T22:30:09.539327Z,5.0,508,114,0,0,,0,,221820.jpg,3.0,154,47,0,0,0.0,Martínez,4.7,81,29,False,,24,1.02,i,14,1,82.0,299,93,81,1314733,0,1343114,0,0.0,18.4,Martínez,6,531,0.6,48.6
Joelinton Cássio Apolinário de Lira,5,10,458,0.0,0.0,11,0.37,180974,,,0,0,0,0,413.1,78,64,,,3,3.0,0.0,0.0,0,1.9,0.06,9.01,0.3,7.11,32.27,1.09,0.24,Joelinton Cássio,1.2,263,121,26,0.88,6,167.3,49,36,371,False,603.4,75,33,2660,Muscle injury - Expected back 01 Jul,2023-05-18T23:00:10.982931Z,6.0,70,36,0,0,3.0,0,,180974.jpg,3.6,94,41,0,0,0.0,Apolinário de Lira,2.0,135,46,False,,30,1.02,i,15,4,655.0,37,22,115,703853,0,571510,0,0.2,19.2,Joelinton,12,566,0.6,69.0
James Maddison,9,9,520,100.0,100.0,4,0.15,172780,2.0,,0,0,-2,2,970.0,10,8,1.0,,1,3.0,3.5,3.2,2,5.53,0.2,14.03,0.51,8.5,47.16,1.71,0.31,James,3.2,87,43,54,1.96,10,252.9,14,10,261,False,785.4,25,12,2479,,2023-04-22T17:30:08.439033Z,7.5,22,9,0,1,2.0,0,,172780.jpg,4.5,24,10,0,0,0.0,Maddison,5.5,71,23,False,,28,1.02,a,10,13,769.0,29,16,135,4466972,0,4491533,0,0.4,17.3,Maddison,10,374,0.6,81.0
Aleksandar Mitrović,2,14,324,100.0,100.0,7,0.31,128389,,,0,0,1,-1,216.5,166,23,,,3,4.0,3.6,2.8,-1,1.31,0.06,16.62,0.75,15.31,35.7,1.6,0.69,Aleksandar,2.8,111,18,30,1.34,14,193.1,32,9,210,False,584.8,82,8,2010,,2023-03-19T22:00:08.374434Z,7.5,50,21,0,4,1.0,0,,128389.jpg,4.5,22,7,0,0,0.0,Mitrović,12.5,36,8,False,,23,1.03,a,9,54,1141.0,10,6,107,7802867,0,7782569,0,0.4,16.2,Mitrović,7,332,0.6,64.2
Thiago Emiliano da Silva,2,8,524,100.0,100.0,6,0.23,51090,,,0,0,-1,1,86.1,311,100,,,0,2.0,0.5,0.7,2,1.04,0.04,2.58,0.1,1.54,34.83,1.33,0.06,Thiago,1.2,261,84,32,1.23,0,88.0,152,32,128,False,657.2,56,14,2351,,2023-02-26T23:00:08.471309Z,5.0,117,13,0,0,,0,,51090.jpg,3.0,158,50,0,0,0.0,Emiliano da Silva,5.7,69,23,False,,26,1.0,a,6,8,137.0,229,50,80,1208815,0,1397271,0,0.2,14.8,Thiago Silva,2,199,0.6,48.0
Gabriel Fernando de Jesus,7,17,401,100.0,100.0,9,0.39,205651,,,0,0,1,-1,407.3,80,6,,,2,4.0,3.5,5.3,12,2.91,0.13,17.15,0.75,14.24,23.15,1.01,0.62,Gabriel,4.8,30,6,23,1.0,11,228.3,20,6,28,False,594.2,78,7,2064,,2022-12-04T08:30:06.137006Z,8.0,14,9,0,0,2.0,0,,205651.jpg,4.8,15,5,0,0,0.0,Fernando de Jesus,28.3,8,3,False,,24,1.05,a,1,3,1282.0,6,3,125,3780822,0,8366682,0,0.6,15.4,Jesus,6,23,0.6,75.0
Michael Olise,11,15,517,100.0,100.0,8,0.26,443661,1.0,,0,0,-2,2,1014.6,9,7,2.0,,2,3.0,3.8,4.2,6,6.42,0.21,9.29,0.3,2.87,37.03,1.21,0.09,Michael,4.2,46,24,38,1.25,2,208.8,26,18,171,False,606.6,73,32,2743,,2022-08-01T17:30:04.743028Z,6.0,154,84,0,0,,0,,443661.jpg,3.6,92,40,0,0,0.0,Olise,1.8,141,50,False,,31,1.02,a,7,31,462.0,69,45,132,589134,0,416514,0,0.8,24.9,Olise,2,259,0.6,79.2
Dominic Solanke,10,14,339,100.0,100.0,8,0.25,154566,,,0,0,-4,4,279.9,127,14,,,3,4.0,3.0,2.5,1,2.3,0.07,11.39,0.36,9.09,51.51,1.62,0.29,Dominic,3.0,94,14,52,1.63,6,184.4,38,11,66,False,524.8,106,10,2865,,2023-01-14T22:00:08.130052Z,6.5,92,34,0,0,1.0,0,,154566.jpg,3.9,67,11,0,0,0.0,Solanke,3.6,94,14,False,,32,1.01,a,3,91,1046.0,13,8,130,2006010,0,1751916,0,0.5,23.2,Solanke,2,87,0.6,78.0
Alexander Isak,2,18,353,100.0,100.0,4,0.24,219168,,,0,0,0,0,244.1,146,17,,,2,4.0,3.9,3.7,2,1.37,0.08,9.48,0.56,8.11,18.67,1.11,0.48,Alexander,3.2,85,12,20,1.18,10,141.1,76,15,594,False,475.0,123,12,1520,,2023-02-01T02:00:08.516238Z,7.5,41,19,0,0,2.0,0,,219168.jpg,4.5,23,8,0,0,0.0,Isak,12.7,35,7,False,,17,1.01,a,15,4,693.0,33,15,100,3288916,0,1952281,0,0.5,14.3,Isak,3,575,0.6,60.0
Bryan Mbeumo,9,19,556,,,10,0.31,446008,1.0,,0,0,-3,3,766.3,23,1,3.0,,3,3.0,6.0,5.6,5,5.53,0.17,15.01,0.46,9.48,41.96,1.3,0.29,Bryan,6.6,7,4,39,1.21,9,229.3,19,5,95,False,662.4,52,6,2905,,,6.5,86,31,0,0,2.0,0,,446008.jpg,3.9,68,12,0,0,0.0,Mbeumo,4.0,89,13,False,,36,1.12,a,4,94,866.0,21,11,150,1501560,0,1332907,0,1.2,26.3,Mbeumo,5,137,0.6,90.0
Alex Iwobi,8,9,563,100.0,100.0,9,0.24,153133,3.0,,0,0,-6,6,917.7,14,12,,,1,3.0,5.3,4.9,3,4.31,0.11,6.87,0.18,2.56,66.42,1.77,0.07,Alex,4.4,41,23,56,1.49,2,196.7,31,21,186,False,682.4,47,20,3379,,2023-01-11T00:00:07.750144Z,5.5,231,131,0,0,,0,,153133.jpg,3.3,122,52,0,0,0.0,Iwobi,1.1,182,61,False,,38,1.01,a,8,11,366.0,101,63,126,643995,0,570132,0,0.9,25.7,Iwobi,2,289,0.6,75.6
Ollie Watkins,8,25,550,100.0,100.0,13,0.37,178301,,,0,0,-2,2,408.5,79,5,,,3,4.0,1.8,3.2,9,2.66,0.08,18.81,0.54,16.15,46.65,1.34,0.46,Ollie,3.2,86,13,40,1.15,15,247.0,15,4,40,False,792.0,22,4,3129,,2023-01-14T08:00:07.885748Z,8.0,30,15,0,1,1.0,0,,178301.jpg,4.7,18,6,0,0,0.0,Watkins,12.8,33,6,False,,36,1.04,a,2,7,1268.0,7,4,175,4129586,0,3125186,0,0.4,24.0,Watkins,4,46,0.5875,102.8125
Phil Foden,7,15,517,100.0,100.0,5,0.25,209244,3.0,,0,0,0,0,670.8,33,26,4.0,,3,3.0,5.5,5.1,2,4.73,0.23,10.48,0.51,5.75,17.62,0.87,0.28,Phil,4.1,50,27,16,0.79,11,205.4,27,19,314,False,671.2,49,21,1832,,2023-03-26T21:00:08.998209Z,7.5,17,7,0,0,,0,,209244.jpg,4.4,27,11,0,0,0.0,Foden,9.7,45,14,False,,22,1.08,a,13,43,712.0,31,17,142,4736083,0,4532519,0,0.5,17.8,Foden,1,485,0.5866666666666667,83.30666666666667
Lucas Tolentino Coelho de Lima,5,8,395,100.0,100.0,6,0.25,224024,,,0,0,-1,1,446.5,69,58,3.0,,0,3.0,2.2,2.2,2,2.62,0.11,7.01,0.29,4.39,33.84,1.41,0.18,Lucas,2.2,152,73,39,1.63,4,142.0,74,53,603,False,496.8,115,50,2154,,2023-03-10T15:30:09.260370Z,6.0,75,39,0,0,3.0,0,,224024.jpg,3.5,109,47,0,0,0.0,Tolentino Coelho de Lima,0.9,204,69,False,,27,1.13,a,19,21,473.0,65,41,98,371554,0,309226,0,0.4,16.6,Paquetá,5,735,0.5833333333333334,57.16666666666667
Christian Nørgaard,6,6,309,0.0,0.0,6,0.31,128295,,,0,0,-2,2,173.7,201,126,,,0,3.0,0.0,0.0,0,1.74,0.09,3.38,0.17,1.64,25.13,1.28,0.08,Christian,0.0,752,326,23,1.17,1,82.3,169,94,79,False,379.2,183,76,1763,Achilles injury - Unknown return date,2023-04-22T17:30:08.014238Z,5.5,140,74,0,0,,0,,128295.jpg,3.2,136,55,0,0,0.0,Nørgaard,0.2,395,140,False,,21,1.07,i,4,94,269.0,139,82,71,67213,0,87128,0,0.0,13.4,Nørgaard,6,121,0.5818181818181819,41.30909090909091
Harrison Reed,4,9,409,100.0,100.0,9,0.28,153366,,,0,0,-2,2,495.6,60,50,,,2,3.0,3.2,2.8,1,2.04,0.06,3.99,0.12,1.95,53.81,1.69,0.06,Harrison,2.8,100,49,44,1.38,3,124.2,90,62,211,False,480.4,120,54,2868,,2023-02-09T01:30:09.053017Z,5.0,551,300,1,0,,0,,153366.jpg,2.9,165,66,0,0,0.0,Reed,1.0,190,65,False,,35,1.1,a,9,54,266.0,142,85,107,371571,0,327439,0,0.7,24.9,Reed,5,333,0.58,62.059999999999995
Lloyd Kelly,2,5,372,100.0,100.0,5,0.22,235530,,,0,0,-2,2,97.7,292,90,,,1,2.0,1.0,1.1,2,0.7,0.03,0.87,0.04,0.17,35.92,1.58,0.01,Lloyd,1.6,214,64,38,1.68,0,52.1,269,91,73,False,394.0,168,64,2040,,2023-02-04T23:30:08.198837Z,4.5,575,149,0,0,,0,,235530.jpg,2.6,202,72,0,0,0.0,Kelly,0.5,272,99,False,,23,1.01,a,3,91,26.0,403,145,60,132401,0,184653,0,0.4,14.0,Kelly,3,94,0.5777777777777778,34.66666666666667
Marc Guéhi,0,2,623,100.0,100.0,9,0.24,209036,,,0,0,0,0,142.7,230,57,,,0,2.0,2.5,2.4,2,0.82,0.02,2.28,0.06,1.46,46.47,1.26,0.04,Marc,2.4,129,33,46,1.24,1,103.9,119,21,167,False,688.2,46,9,3330,,2022-11-12T18:00:07.485433Z,4.5,368,75,1,0,,0,,209036.jpg,2.6,206,74,0,0,0.0,Guéhi,2.5,121,44,False,,37,1.0,a,7,31,205.0,176,25,95,674953,0,591725,0,0.5,21.1,Guéhi,8,255,0.5777777777777778,54.88888888888889
Tyrick Mitchell,2,7,476,100.0,100.0,8,0.25,244723,,,0,0,-1,1,234.0,150,31,,,1,2.0,3.0,2.8,2,1.25,0.04,1.87,0.06,0.62,42.9,1.34,0.02,Tyrick,2.8,101,25,40,1.25,0,84.3,163,38,170,False,470.4,128,42,2889,,2023-02-18T21:30:07.978116Z,4.5,516,117,0,0,,0,,244723.jpg,2.6,203,73,1,0,0.0,Mitchell,1.0,192,67,False,,34,1.06,a,7,31,135.0,230,51,93,229971,0,220180,0,0.6,21.1,Mitchell,5,258,0.5777777777777778,53.73333333333334
Aaron Cresswell,1,8,439,100.0,100.0,6,0.24,55459,3.0,,0,0,-3,3,632.9,39,6,1.0,,1,2.0,1.6,1.5,1,2.85,0.11,3.21,0.12,0.36,32.82,1.32,0.01,Aaron,1.5,230,71,32,1.29,0,113.0,106,16,457,False,411.6,154,56,2235,,2023-02-12T00:30:09.041835Z,4.5,295,46,0,0,,0,,55459.jpg,2.6,207,75,0,0,0.0,Cresswell,1.5,156,54,False,,24,0.97,a,19,21,81.0,303,95,74,435046,0,592072,0,0.3,15.7,Cresswell,3,713,0.5777777777777778,42.75555555555556
Jack Grealish,10,9,490,75.0,75.0,10,0.44,114283,4.0,,0,0,1,-1,721.3,29,22,,,2,3.0,1.7,1.6,0,6.74,0.3,11.24,0.5,4.5,14.46,0.63,0.2,Jack,1.1,266,123,16,0.7,5,191.7,33,22,305,False,515.8,109,46,2051,Knock - 75% chance of playing,2023-05-24T23:30:09.833906Z,7.5,36,19,0,0,,0,,114283.jpg,4.3,33,15,0,0,0.0,Grealish,7.9,50,16,False,,23,1.01,d,13,43,683.0,34,19,121,2703020,0,2234404,0,0.2,17.0,Grealish,4,477,0.5733333333333334,69.37333333333333
Jadon Sancho,3,8,375,100.0,100.0,13,0.7,209243,,,0,0,-4,4,543.9,50,41,,,1,3.0,3.0,3.9,9,4.13,0.22,8.15,0.43,4.02,24.95,1.33,0.21,Jadon,3.9,57,30,18,0.96,6,131.7,81,58,340,False,390.6,171,70,1683,,2023-03-02T00:30:09.100456Z,7.0,39,20,0,0,,0,,209243.jpg,4.0,58,27,0,0,0.0,Sancho,3.3,99,33,False,,21,1.12,a,14,1,382.0,94,60,105,722517,0,1400533,0,0.5,14.8,Sancho,0,521,0.5714285714285714,60.0
Bruno Borges Fernandes,9,23,748,100.0,100.0,18,0.49,141746,2.0,,0,0,-5,5,1532.3,2,1,3.0,,4,3.0,5.3,6.0,10,10.7,0.29,20.03,0.54,9.33,49.13,1.33,0.25,Bruno,6.0,12,7,39,1.06,8,343.1,4,2,333,False,948.0,11,4,3317,,2023-04-24T22:00:08.072491Z,8.5,8,5,0,0,2.0,0,,141746.jpg,4.8,16,7,0,0,0.0,Borges Fernandes,13.3,31,9,False,,37,1.0,a,14,1,948.0,17,7,176,3866605,0,2805980,0,0.6,18.5,Fernandes,6,514,0.5647058823529412,99.38823529411765
Carlos Henrique Casimiro,3,10,389,100.0,100.0,10,0.42,61256,,,0,0,-1,1,393.0,83,66,,,3,3.0,4.0,3.7,2,3.82,0.16,7.31,0.31,3.49,29.3,1.24,0.15,Carlos Henrique,3.7,62,33,22,0.93,4,131.1,82,59,593,False,638.6,63,25,2122,,2023-03-12T20:00:09.256979Z,5.5,222,124,0,0,,0,,61256.jpg,3.1,144,58,2,0,0.0,Casimiro,2.4,124,43,False,,24,1.02,a,14,1,278.0,131,80,87,775761,0,614936,0,0.8,17.8,Casemiro,7,535,0.5636363636363636,49.03636363636363
Rúben Gato Alves Dias,0,1,432,75.0,75.0,9,0.41,171314,,,0,0,0,0,83.7,314,102,,,0,2.0,2.5,2.2,0,0.34,0.02,1.7,0.08,1.36,17.36,0.78,0.06,Rúben,2.0,171,50,16,0.72,0,62.5,238,75,312,False,416.8,151,53,1997,Knock - 75% chance of playing,2023-05-24T23:30:09.872175Z,5.5,69,6,0,0,,0,,171314.jpg,3.1,147,44,0,0,0.0,Gato Alves Dias,7.4,54,19,False,,22,0.99,d,13,43,124.0,244,62,80,1104765,0,1588052,0,0.3,13.3,Dias,3,484,0.5636363636363636,45.090909090909086
Declan Rice,3,12,622,100.0,100.0,9,0.25,204480,4.0,,0,0,-3,3,522.4,53,44,,,1,3.0,3.0,2.8,2,1.85,0.05,4.25,0.12,2.4,48.28,1.33,0.07,Declan,2.8,102,50,50,1.38,4,152.7,66,46,467,False,777.6,27,13,3272,,2023-05-03T23:00:09.494290Z,5.5,318,192,0,1,,0,,204480.jpg,3.1,142,57,0,0,0.0,Rice,3.2,101,35,False,,36,0.99,a,19,21,226.0,163,97,116,445046,0,744071,0,0.6,24.7,Rice,5,722,0.5636363636363636,65.38181818181818
Riyad Mahrez,12,11,470,,,6,0.28,103025,1.0,,0,0,-5,5,773.4,22,19,2.0,,2,3.0,6.3,5.9,2,5.22,0.25,10.62,0.5,5.4,18.28,0.86,0.25,Riyad,4.9,24,16,23,1.08,5,182.5,40,27,303,False,533.6,104,44,1913,,,7.5,26,13,0,0,2.0,0,,103025.jpg,4.2,41,20,0,0,0.0,Mahrez,8.9,47,15,False,,22,1.04,a,13,43,520.0,57,34,126,2792148,0,2424019,0,0.7,16.8,Mahrez,2,476,0.56,70.56
Manuel Akanji,1,5,460,75.0,75.0,7,0.28,211975,,,0,0,1,-1,146.5,223,54,,,0,2.0,2.2,2.0,0,0.99,0.04,2.13,0.08,1.14,21.7,0.86,0.04,Manuel,1.7,210,62,23,0.91,0,71.4,213,62,610,False,385.6,176,67,2284,Knock - 75% chance of playing,2023-05-24T23:30:10.295920Z,5.0,177,19,0,0,,0,,211975.jpg,2.8,187,64,0,0,0.0,Akanji,3.6,93,34,False,,24,0.95,d,13,43,180.0,192,31,82,1063599,0,699962,0,0.3,16.1,Akanji,2,501,0.5599999999999999,45.919999999999995
Ivan Perišić,8,6,430,100.0,100.0,6,0.26,45034,2.0,,0,0,-2,2,732.8,26,5,5.0,,2,2.0,1.5,1.2,0,5.23,0.22,7.71,0.33,2.48,33.91,1.45,0.11,Ivan,1.2,260,83,44,1.89,1,164.2,52,4,448,False,517.8,108,36,2099,,2023-03-30T15:00:09.557345Z,5.0,132,14,0,0,,0,,45034.jpg,2.8,188,65,0,0,0.0,Perišić,14.7,25,8,False,,23,0.99,a,18,6,394.0,90,4,94,3770314,0,4576522,0,0.2,17.7,Perišić,6,694,0.5599999999999999,52.63999999999999
Sean Longstaff,5,2,347,100.0,100.0,13,0.47,180135,,,0,0,-2,2,372.0,94,70,,,0,3.0,1.1,1.0,0,2.57,0.09,5.87,0.21,3.3,27.57,0.99,0.12,Sean,0.5,338,159,18,0.64,1,116.8,100,70,370,False,385.2,177,73,2514,,2023-04-30T20:30:07.636882Z,5.0,559,303,0,0,,0,,180135.jpg,2.8,181,71,0,0,0.0,Longstaff,1.0,189,64,False,,28,1.0,a,15,4,408.0,86,56,93,410167,0,423103,0,0.1,21.6,S.Longstaff,2,565,0.5599999999999999,52.07999999999999
Erling Haaland,9,40,1040,100.0,100.0,13,0.42,223094,,,0,0,9,-9,371.0,95,9,,,11,4.0,6.2,5.4,0,3.11,0.1,31.65,1.03,28.54,25.24,0.82,0.93,Erling,4.4,42,7,26,0.85,36,358.1,2,2,318,True,1390.0,1,1,2767,,2023-03-21T11:00:07.837535Z,14.0,2,1,0,0,1.0,0,,223094.jpg,7.8,2,1,0,0,0.0,Haaland,78.4,1,1,False,,33,1.07,a,13,43,1825.0,1,1,272,7833248,0,4782879,0,0.4,21.9,Haaland,5,489,0.5571428571428572,151.54285714285714
Joachim Andersen,0,1,483,100.0,100.0,8,0.26,174874,,,0,0,0,0,146.3,225,55,,,0,2.0,2.2,2.2,2,1.04,0.03,2.91,0.09,1.87,36.23,1.17,0.06,Joachim,2.2,145,41,37,1.2,1,106.4,113,18,165,False,641.8,62,18,2782,,2023-04-26T08:30:07.682408Z,4.5,361,70,2,0,,0,,174874.jpg,2.5,228,85,0,0,0.0,Andersen,1.6,151,52,False,,32,1.04,a,7,31,273.0,135,14,80,483880,0,577385,0,0.5,17.8,Andersen,8,253,0.5555555555555556,44.44444444444444
Thilo Kehrer,3,4,362,100.0,100.0,5,0.2,201057,,,0,0,-2,2,126.2,248,64,,,2,2.0,1.6,1.5,1,0.63,0.03,1.12,0.05,0.49,31.51,1.27,0.02,Thilo,1.5,228,69,34,1.37,0,56.0,258,84,588,False,347.6,201,79,2229,,2023-03-04T23:30:07.813056Z,4.5,563,140,1,0,,0,,201057.jpg,2.5,226,84,0,0,0.0,Kehrer,0.2,355,131,False,,25,1.01,a,19,21,83.0,298,92,67,96283,0,83038,0,0.3,15.6,Kehrer,4,734,0.5555555555555556,37.22222222222222
Andrew Robertson,8,10,633,75.0,75.0,9,0.31,122798,2.0,,0,0,-2,2,862.1,16,3,,,1,2.0,3.2,2.8,0,6.69,0.23,7.93,0.27,1.24,36.59,1.28,0.04,Andrew,2.7,117,29,34,1.19,0,162.3,55,5,284,False,549.2,98,31,2579,Groin Injury - 75% chance of playing,2023-05-26T10:00:10.614068Z,6.5,45,3,0,0,,0,,122798.jpg,3.6,95,23,0,0,0.0,Robertson,6.0,65,22,False,,29,1.01,d,12,14,211.0,171,23,121,1782843,0,2363739,0,0.4,17.8,Robertson,3,446,0.5538461538461539,67.01538461538462
Harry Kane,9,48,1008,100.0,100.0,11,0.29,78830,,,0,0,0,0,744.8,25,2,2.0,,6,4.0,7.5,9.2,16,4.01,0.11,24.96,0.66,20.95,49.11,1.3,0.55,Harry,9.2,1,1,62,1.64,30,371.0,1,1,427,True,1256.6,2,2,3406,,2022-10-08T20:30:07.678681Z,12.5,4,2,0,1,1.0,0,,78830.jpg,6.9,4,2,0,0,0.0,Kane,32.7,6,2,False,,38,1.0,a,18,6,1707.0,2,2,263,7381740,0,6575833,0,0.8,22.9,Kane,6,673,0.552,145.17600000000002
Bruno Guimarães Rodriguez Moura,5,5,438,100.0,100.0,12,0.4,208706,,,0,0,-5,5,631.8,40,32,,,1,3.0,3.3,3.2,2,3.72,0.12,6.54,0.21,2.82,29.82,0.98,0.09,Bruno,2.7,116,58,25,0.83,4,153.6,64,44,374,False,617.6,70,29,2727,,2023-02-26T23:00:08.856584Z,6.0,111,60,0,0,,0,,208706.jpg,3.3,123,53,0,0,0.0,Guimarães Rodriguez Moura,2.9,112,38,False,,32,1.06,a,15,4,284.0,128,78,107,831654,0,1491628,0,0.5,19.5,Bruno Guimarães,7,569,0.5499999999999999,58.849999999999994
Abdoulaye Doucouré,2,10,263,100.0,100.0,4,0.24,121599,,,0,0,-2,2,261.2,137,94,,,3,3.0,5.3,6.5,11,1.52,0.09,4.13,0.24,2.61,32.1,1.89,0.15,Abdoulaye,6.0,10,6,27,1.59,5,80.3,176,96,185,False,315.8,211,89,1527,,2023-04-03T22:00:08.050327Z,5.5,139,73,0,0,,0,,121599.jpg,3.0,157,63,1,0,0.0,Doucouré,0.2,349,121,False,,17,1.0,a,8,11,229.0,162,96,76,38775,0,37139,0,1.1,14.3,A.Doucouré,6,288,0.5454545454545454,41.45454545454545
Rodrigo Hernandez,6,7,606,100.0,100.0,11,0.34,220566,,,0,0,-4,4,555.9,46,38,,,1,3.0,3.0,2.7,0,3.49,0.11,8.02,0.25,4.53,25.24,0.78,0.14,Rodrigo,1.7,212,102,26,0.8,2,176.9,44,31,315,False,716.0,40,16,2911,,2022-10-02T21:00:07.266280Z,5.5,97,51,0,0,,0,,220566.jpg,3.0,161,65,0,0,0.0,Hernandez,1.9,138,48,False,,34,1.05,a,13,43,493.0,64,40,108,316252,0,450840,0,0.3,19.3,Rodri,5,486,0.5454545454545454,58.90909090909091
Leon Bailey,5,6,242,100.0,100.0,8,0.37,215711,4.0,,0,0,-7,7,439.1,71,60,3.0,,2,3.0,2.0,2.0,2,4.77,0.22,10.11,0.46,5.34,35.15,1.61,0.24,Leon,2.0,161,76,32,1.47,4,130.1,83,60,45,False,334.2,205,84,1964,,2023-04-08T22:30:07.902543Z,5.5,569,307,0,0,,0,,215711.jpg,3.0,152,62,0,0,0.0,Bailey,2.7,117,40,False,,26,1.19,a,2,7,532.0,55,33,100,1103647,0,2379892,0,0.5,23.3,Bailey,4,51,0.5454545454545454,54.54545454545454
Kevin De Bruyne,18,26,742,100.0,100.0,10,0.37,61366,2.0,,0,0,1,-1,1476.7,3,2,1.0,,5,3.0,1.8,1.7,0,13.69,0.51,19.03,0.71,5.34,19.88,0.74,0.2,Kevin,0.7,318,153,23,0.86,7,297.6,8,6,301,False,897.8,14,5,2413,,2023-05-03T22:30:08.835778Z,10.5,3,2,0,0,4.0,0,,61366.jpg,5.7,8,4,0,0,0.0,De Bruyne,25.5,12,7,False,,28,1.04,a,13,43,598.0,44,27,183,7222275,0,6671693,0,0.1,15.1,De Bruyne,1,474,0.5428571428571429,99.34285714285716
Jarrod Bowen,9,9,431,100.0,100.0,9,0.25,178186,1.0,,0,0,-5,5,674.8,31,24,4.0,,3,3.0,4.2,3.7,1,6.0,0.17,15.38,0.43,9.38,47.84,1.33,0.26,Jarrod,3.7,63,34,50,1.39,6,237.9,17,12,465,False,625.8,66,26,3232,,2022-10-27T22:30:07.660785Z,7.0,16,6,0,1,4.0,0,,178186.jpg,3.8,75,33,0,0,0.0,Bowen,3.3,100,34,False,,36,1.0,a,19,21,1076.0,12,5,145,1296356,0,1600728,0,0.5,18.1,Bowen,2,720,0.5428571428571428,78.71428571428571
Marc Cucurella Saseta,2,1,363,25.0,25.0,6,0.32,179268,,,0,0,-1,1,232.5,152,33,,,0,2.0,-0.1,-0.1,0,0.96,0.05,1.34,0.07,0.38,26.03,1.4,0.02,Marc,0.0,726,253,20,1.08,0,65.9,227,68,112,False,354.4,197,77,1669,Thigh injury - 25% chance of playing,2023-04-27T00:00:08.782165Z,5.0,237,31,0,0,,0,,179268.jpg,2.7,198,70,0,0,0.0,Cucurella Saseta,5.0,77,26,False,,21,1.13,d,6,8,72.0,315,103,65,2311987,0,2714280,0,0.0,13.3,Cucurella,4,197,0.54,35.1
Jefferson Lerma Solís,0,5,500,100.0,100.0,7,0.19,152551,,,0,0,-3,3,293.6,121,89,,,2,3.0,4.5,3.9,2,3.0,0.08,5.58,0.15,2.58,60.57,1.68,0.07,Jefferson,4.4,39,22,67,1.85,5,122.1,94,65,64,False,616.6,71,30,3252,,2023-03-21T23:30:07.515286Z,5.0,309,185,1,0,,0,,152551.jpg,2.7,197,76,0,0,0.0,Lerma Solís,0.5,277,90,False,,37,1.02,a,3,91,311.0,117,75,101,150223,0,167843,0,0.9,21.5,Lerma,7,85,0.54,54.540000000000006
Ibrahima Konaté,0,0,305,75.0,75.0,7,0.41,204716,,,0,0,-1,1,39.6,380,132,,,0,2.0,3.3,2.8,0,0.65,0.04,1.86,0.11,1.21,24.34,1.41,0.07,Ibrahima,2.8,104,26,22,1.28,0,46.8,291,99,290,False,285.6,235,89,1551,Illness - 75% chance of playing,2023-05-26T10:00:10.645589Z,5.0,241,32,1,0,,0,,204716.jpg,2.7,199,71,0,0,0.0,Konaté,1.3,169,57,False,,17,0.99,d,12,14,144.0,223,47,49,309412,0,241740,0,0.6,10.0,Konaté,5,452,0.54,26.46
Brennan Johnson,5,15,384,100.0,100.0,7,0.22,242898,,,0,0,-5,5,373.6,92,8,,,3,3.0,3.0,2.8,2,2.0,0.06,10.39,0.32,8.39,53.79,1.65,0.26,Brennan,2.8,106,17,54,1.66,8,157.4,58,13,394,False,478.2,122,11,2930,,2023-04-29T20:30:07.501147Z,6.0,113,39,0,2,1.0,0,,242898.jpg,3.2,138,19,0,0,0.0,Johnson,1.6,154,28,False,,33,1.01,a,16,17,729.0,30,14,122,648132,0,687964,0,0.5,22.2,Johnson,6,599,0.5333333333333333,65.06666666666666
Aaron Hickey,3,2,310,100.0,100.0,5,0.23,472713,,,0,0,-1,1,119.8,260,71,,,0,2.0,2.5,3.0,6,0.58,0.03,0.96,0.05,0.38,28.13,1.32,0.02,Aaron,4.0,53,10,30,1.41,0,44.2,303,103,510,False,223.6,287,112,1918,,2023-03-29T09:00:10.250182Z,4.5,253,35,0,0,,0,,472713.jpg,2.4,248,93,0,0,0.0,Hickey,0.3,310,113,False,,23,1.08,a,4,94,98.0,275,78,63,70342,0,79298,0,0.8,12.9,Hickey,7,143,0.5333333333333333,33.6
Cristian Romero,2,3,447,0.0,0.0,8,0.3,221632,,,0,0,-1,1,136.2,238,60,,,1,2.0,0.0,0.0,0,1.02,0.04,2.52,0.1,1.5,34.11,1.3,0.06,Cristian,2.0,167,49,41,1.56,0,77.3,186,48,443,False,546.2,99,32,2363,Knock - Expected back 01 Jul,2023-05-20T15:30:10.723852Z,4.5,246,33,0,0,,0,,221632.jpg,2.4,247,92,1,0,0.0,Romero,1.4,162,55,False,,26,0.99,i,18,6,91.0,288,86,66,260094,0,403263,0,0.4,13.5,Romero,9,689,0.5333333333333333,35.2
Daniel Castelo Podence,1,10,249,100.0,100.0,6,0.31,200600,1.0,,0,0,-4,4,512.8,56,46,,,1,3.0,0.7,0.5,0,2.19,0.11,6.07,0.31,3.88,28.24,1.44,0.2,Daniel,1.0,288,137,31,1.59,6,146.8,68,48,483,False,376.0,187,77,1760,,2023-02-11T19:30:09.259298Z,5.5,176,101,0,0,,0,,200600.jpg,2.9,174,69,0,0,0.0,Castelo Podence,0.7,234,76,False,,20,1.02,a,20,39,580.0,49,30,92,279685,0,337638,0,0.2,18.0,Podence,5,747,0.5272727272727272,48.50909090909091
Trent Alexander-Arnold,11,21,824,100.0,100.0,10,0.31,169187,1.0,,0,0,3,-3,1168.2,5,2,1.0,,4,2.0,7.4,7.0,4,9.26,0.29,11.62,0.36,2.36,43.1,1.33,0.07,Trent,6.0,11,1,44,1.36,2,219.0,21,2,285,True,779.0,26,3,2922,,2022-12-23T01:00:07.634178Z,8.0,21,1,0,0,,0,,169187.jpg,4.2,42,5,0,0,0.0,Alexander-Arnold,30.7,7,2,False,,34,1.05,a,12,14,241.0,151,19,156,4236596,0,6440473,0,0.8,20.0,Alexander-Arnold,5,447,0.525,81.9
Thomas Partey,0,6,468,100.0,100.0,11,0.4,167199,,,0,0,-3,3,439.6,70,59,,,0,3.0,1.5,1.9,3,2.17,0.08,4.76,0.17,2.59,32.27,1.17,0.09,Thomas,1.4,238,112,28,1.02,3,119.5,97,68,6,False,513.2,110,47,2480,,2023-03-31T15:30:08.770925Z,5.0,311,186,0,0,,0,,167199.jpg,2.6,210,80,0,0,0.0,Partey,0.4,284,95,False,,28,1.02,a,1,3,240.0,152,90,86,110171,0,141958,0,0.3,18.3,Partey,5,3,0.52,44.72
Kyle Walker,0,0,376,100.0,100.0,7,0.32,58621,,,0,0,-3,3,176.2,197,47,,,0,2.0,4.7,4.4,2,1.32,0.06,1.71,0.08,0.39,20.07,0.92,0.02,Kyle,3.4,69,16,20,0.92,0,43.8,307,105,299,False,223.8,286,111,1953,,2022-10-02T21:00:07.238617Z,5.0,296,47,0,0,,0,,58621.jpg,2.6,208,76,0,0,0.0,Walker,4.5,82,30,False,,22,1.01,a,13,43,39.0,381,137,69,1459763,0,2016251,0,0.7,14.7,Walker,3,472,0.52,35.88
Jeffrey Schlupp,2,2,324,0.0,0.0,9,0.32,86417,,,0,0,-3,3,257.6,139,96,,,0,3.0,0.0,0.0,0,1.11,0.04,4.08,0.15,2.97,37.03,1.32,0.11,Jeffrey,1.8,187,85,38,1.35,3,97.9,135,84,161,False,404.6,162,67,2528,Personal Reasons - Expected back 01 Jul,2023-05-12T15:00:08.782884Z,5.0,300,180,0,0,,0,,86417.jpg,2.6,209,79,0,0,0.0,Schlupp,0.1,434,157,False,,30,1.07,i,7,31,314.0,115,74,89,26289,0,35429,0,0.4,18.9,Schlupp,7,250,0.52,46.28
Emiliano Buendía Stati,3,8,370,,,11,0.41,195546,,,0,0,-3,3,546.3,49,40,,,0,3.0,2.0,1.8,1,3.95,0.15,10.27,0.39,6.32,36.65,1.37,0.24,Emiliano,1.8,202,96,34,1.27,5,156.6,59,40,42,False,438.2,141,60,2404,,,6.0,83,45,0,0,,0,,195546.jpg,3.1,146,60,0,0,0.0,Buendía Stati,0.7,220,73,False,,27,1.01,a,2,7,580.0,50,31,117,274210,0,260297,0,0.3,20.5,Buendía,0,48,0.5166666666666667,60.45
Raheem Sterling,4,9,274,50.0,50.0,5,0.24,103955,,,0,0,-3,3,479.8,62,51,,,2,3.0,2.0,2.1,5,3.22,0.15,9.43,0.45,6.21,27.83,1.33,0.3,Raheem,4.7,32,19,27,1.29,6,146.8,69,49,304,False,388.2,172,71,1886,Hamstring injury - 50% chance of playing,2023-05-25T22:00:12.474077Z,7.0,7,4,0,0,,0,,103955.jpg,3.6,98,43,0,0,0.0,Sterling,3.4,96,30,False,,23,1.1,d,6,8,603.0,42,26,101,1432352,0,1817823,0,0.5,10.4,Sterling,4,222,0.5142857142857143,51.94285714285715
Demarai Gray,1,4,284,,,7,0.25,172632,1.0,,0,0,-4,4,605.2,43,35,1.0,,0,3.0,1.0,1.5,3,3.82,0.14,9.99,0.36,6.17,46.59,1.68,0.22,Demarai,1.0,287,136,39,1.4,4,168.5,48,35,189,False,410.4,156,65,2501,,,5.5,174,99,0,0,3.0,0,,172632.jpg,2.8,186,73,0,0,0.0,Gray,0.6,255,84,False,,27,0.97,a,8,11,670.0,36,21,91,224681,0,267814,0,0.2,17.8,Gray,3,292,0.509090909090909,46.32727272727272
Mohamed Salah,13,23,651,,,13,0.36,118748,,,0,0,1,-1,869.9,15,13,2.0,,6,3.0,10.0,9.3,5,7.03,0.19,28.04,0.76,21.01,47.47,1.3,0.57,Mohamed,8.3,2,1,45,1.23,19,353.7,3,1,283,True,1046.2,5,1,3290,,,12.5,1,1,0,2,2.0,0,,118748.jpg,6.3,5,1,0,0,0.0,Salah,37.2,4,2,False,,37,1.01,a,12,14,1620.0,3,1,239,6974743,0,8866317,0,0.6,18.2,Salah,2,445,0.504,120.456
Saïd Benrahma,3,5,360,,,6,0.26,172841,,,0,0,-5,5,613.9,42,34,2.0,,0,3.0,2.8,2.7,2,3.28,0.14,10.32,0.45,7.04,32.76,1.43,0.31,Saïd,2.7,115,57,32,1.4,6,177.7,43,30,464,False,510.0,112,49,2059,,,6.0,108,57,0,0,2.0,0,,172841.jpg,3.0,159,64,0,0,0.0,Benrahma,1.1,184,62,False,,22,0.96,a,19,21,653.0,38,23,106,293618,0,408637,0,0.5,19.3,Benrahma,0,719,0.5,53.0
Jordan Ayew,3,4,332,,,8,0.27,80146,,,0,0,-3,3,465.5,65,54,,,2,3.0,3.8,3.4,2,2.52,0.08,5.65,0.18,3.13,41.13,1.37,0.1,Jordan,3.4,73,37,41,1.36,4,138.7,77,55,159,False,490.8,118,52,2708,,,5.5,156,85,0,0,,0,,80146.jpg,2.7,200,77,0,0,0.0,Ayew,0.4,288,96,False,,31,1.03,a,7,31,429.0,78,50,104,101259,0,96163,0,0.7,20.0,J.Ayew,5,248,0.49090909090909096,51.05454545454546
Matty Cash,2,3,311,100.0,100.0,4,0.2,199796,,,0,0,-4,4,178.0,195,46,,,1,2.0,0.8,0.8,1,0.95,0.05,1.15,0.06,0.2,27.14,1.34,0.01,Matty,0.8,299,96,29,1.44,0,54.4,263,87,43,False,298.4,224,82,1817,,2023-03-25T22:00:08.093504Z,4.5,333,58,0,0,,0,,199796.jpg,2.2,274,101,0,0,0.0,Cash,3.1,106,35,False,,20,0.99,a,2,7,67.0,324,109,57,406341,0,1788226,0,0.2,12.4,Cash,4,49,0.48888888888888893,27.866666666666667
Marcos Senesi,0,5,462,100.0,100.0,5,0.18,221466,,,0,0,-1,1,78.7,321,105,,,1,2.0,0.5,0.5,1,0.35,0.01,2.01,0.07,1.66,47.62,1.72,0.06,Marcos,1.0,275,89,55,1.99,2,77.5,184,47,576,False,586.0,81,22,2489,,2023-04-05T08:30:07.283060Z,4.5,507,113,0,0,,0,,221466.jpg,2.2,273,100,0,0,0.0,Senesi,0.2,358,133,False,,29,1.05,a,3,91,109.0,264,73,69,74057,0,60112,0,0.2,15.7,Senesi,7,105,0.48888888888888893,33.733333333333334
Vitalii Mykolenko,1,4,449,75.0,75.0,7,0.24,224967,,,0,0,-4,4,307.0,115,20,,,1,2.0,1.0,0.8,0,0.91,0.03,1.45,0.05,0.54,53.67,1.82,0.02,Vitalii,0.6,319,100,46,1.56,0,93.4,142,28,194,False,504.8,113,37,2653,Thigh injury - 75% chance of playing,2023-05-14T20:00:08.992901Z,4.5,639,181,0,0,,0,,224967.jpg,2.2,269,97,0,0,0.0,Mykolenko,0.6,250,88,False,,30,1.02,d,8,11,120.0,247,64,75,295596,0,276623,0,0.1,18.3,Mykolenko,4,297,0.48888888888888893,36.66666666666667
Mason Mount,4,8,277,50.0,50.0,8,0.44,184341,,,0,0,-8,8,463.1,66,55,3.0,,2,3.0,-0.2,-0.2,0,2.81,0.15,4.78,0.26,1.97,23.53,1.29,0.11,Mason,0.0,775,338,21,1.15,3,117.2,99,69,142,False,331.4,207,86,1644,Pelvic - 50% chance of playing,2023-04-25T13:30:08.341862Z,7.0,34,18,0,0,3.0,0,,184341.jpg,3.4,119,51,0,0,0.0,Mount,3.4,97,31,False,,20,1.09,d,6,8,376.0,97,61,82,2177297,0,2792751,0,0.0,11.4,Mount,4,212,0.4857142857142857,39.82857142857143
Yoane Wissa,4,6,292,,,7,0.4,216646,,,0,0,-2,2,184.5,187,117,,,1,4.0,4.5,3.8,2,1.08,0.06,6.73,0.38,5.65,21.64,1.23,0.32,Yoane,4.8,27,17,17,0.96,7,95.5,140,87,89,False,363.8,193,81,1587,,,6.0,149,81,0,0,,0,,216646.jpg,2.9,175,70,0,0,0.0,Wissa,0.3,326,111,False,,16,0.91,a,4,94,414.0,83,54,111,119602,0,111796,0,0.9,20.9,Wissa,3,131,0.48333333333333334,53.65
Danny Welbeck,5,5,296,100.0,100.0,6,0.29,50175,,,0,0,0,0,390.6,84,7,,,1,4.0,3.3,2.9,0,1.65,0.08,10.24,0.5,8.59,26.45,1.29,0.42,Danny,2.9,98,16,28,1.37,6,155.4,61,14,103,False,378.2,185,17,1844,,2023-04-24T10:00:08.094660Z,6.0,53,23,0,0,3.0,0,,50175.jpg,2.9,177,23,0,0,0.0,Welbeck,2.1,131,20,False,,21,1.02,a,5,36,782.0,28,13,91,682148,0,572874,0,0.4,14.0,Welbeck,0,159,0.48333333333333334,43.983333333333334
Matheus Luiz Nunes,1,5,338,100.0,100.0,11,0.4,465351,6.0,,0,0,-2,2,405.0,81,65,,,0,3.0,1.3,1.1,1,1.38,0.05,3.79,0.14,2.41,41.19,1.5,0.09,Matheus Luiz,1.6,220,106,38,1.39,1,108.6,111,73,589,False,370.2,191,79,2467,,2023-04-08T22:30:08.740100Z,5.0,292,175,0,0,,0,,465351.jpg,2.4,245,92,1,0,0.0,Nunes,0.1,400,142,False,,30,1.09,a,20,39,310.0,118,76,80,70779,0,62124,0,0.3,16.7,Matheus,2,766,0.48,38.4
João Palhinha Gonçalves,0,5,379,100.0,100.0,9,0.26,154296,,,0,0,-1,1,141.8,232,140,,,1,3.0,2.0,1.8,1,0.39,0.01,3.32,0.09,2.93,56.38,1.63,0.08,João,1.8,193,88,43,1.25,3,104.2,118,76,220,False,560.4,92,42,3108,,2023-02-24T23:00:08.255151Z,5.0,232,132,1,0,,0,,154296.jpg,2.4,246,93,0,0,0.0,Palhinha Gonçalves,0.3,342,117,False,,35,1.01,a,9,54,336.0,109,69,83,87593,0,89506,0,0.4,16.9,Palhinha,14,342,0.48,39.839999999999996
Bernardo Veiga de Carvalho e Silva,6,9,427,,,7,0.29,165809,,,0,0,-3,3,515.0,54,45,,,2,3.0,2.2,2.0,0,3.83,0.16,5.92,0.25,2.09,23.24,0.95,0.09,Bernardo,1.0,294,142,24,0.98,4,143.1,73,52,311,False,492.0,117,51,2196,,,6.5,46,23,0,0,,0,,165809.jpg,3.1,149,61,0,0,0.0,Veiga de Carvalho e Silva,5.9,67,22,False,,24,0.98,a,13,43,424.0,81,52,106,1995525,0,2267643,0,0.1,15.8,Bernardo,5,483,0.47692307692307695,50.55384615384616
John McGinn,5,3,354,100.0,100.0,10,0.33,122806,2.0,,0,0,-4,4,349.2,100,74,,,1,3.0,1.8,1.6,1,3.33,0.11,5.73,0.19,2.4,37.73,1.26,0.08,John,1.6,223,108,31,1.04,1,105.1,114,74,37,False,375.0,189,78,2692,,2023-01-02T01:30:08.408535Z,5.5,173,98,0,0,,0,,122806.jpg,2.6,214,84,0,0,0.0,McGinn,0.6,253,82,False,,30,1.0,a,2,7,326.0,111,70,90,71067,0,190897,0,0.3,17.6,McGinn,7,43,0.4727272727272727,42.54545454545455
Antony Matheus dos Santos,2,4,262,25.0,25.0,12,0.6,467169,,,0,0,-2,2,421.0,75,63,,,1,3.0,0.6,0.5,0,2.42,0.12,9.07,0.45,6.65,25.37,1.27,0.33,Antony Matheus,2.1,156,74,21,1.05,4,137.1,78,56,609,False,322.0,208,87,1803,Ankle injury - 25% chance of playing,2023-05-25T22:00:13.609369Z,7.0,31,15,0,0,,0,,467169.jpg,3.3,126,54,0,0,0.0,dos Santos,3.4,98,32,False,,23,1.15,d,14,1,633.0,39,24,82,1802804,0,1559211,0,0.3,11.2,Antony,5,536,0.4714285714285714,38.65714285714286
Son Heung-min,6,8,471,100.0,100.0,9,0.28,85971,1.0,,0,0,-5,5,829.3,18,15,1.0,,1,3.0,4.0,4.2,5,4.56,0.14,14.36,0.45,9.8,42.74,1.33,0.31,Son,4.2,48,26,55,1.72,10,244.7,16,11,428,False,709.2,42,17,2886,,2022-11-02T00:00:07.969471Z,9.0,5,3,0,0,3.0,0,,85971.jpg,4.2,44,21,0,0,0.0,Heung-min,6.4,62,21,False,,33,1.03,a,18,6,910.0,19,9,152,1754591,0,3349584,0,0.4,13.2,Son,2,674,0.4666666666666667,70.93333333333334
Nélson Cabral Semedo,1,5,424,100.0,100.0,8,0.27,200402,,,0,0,0,0,226.5,159,35,,,1,2.0,1.0,0.7,0,0.91,0.03,1.44,0.05,0.53,50.02,1.71,0.02,Nélson,1.2,259,82,43,1.47,0,74.4,202,58,482,False,443.4,138,47,2633,,2023-04-29T20:30:07.718230Z,4.5,199,25,0,0,,0,,200402.jpg,2.1,297,107,1,0,0.0,Cabral Semedo,0.6,236,82,False,,31,1.06,a,20,39,79.0,306,97,75,194095,0,150977,0,0.2,15.0,Semedo,11,746,0.4666666666666667,35.0
Youri Tielemans,3,6,461,100.0,100.0,6,0.23,166989,3.0,,0,0,-4,4,458.3,68,57,2.0,,0,3.0,2.0,2.8,6,2.99,0.11,5.49,0.21,2.5,45.82,1.76,0.1,Youri,2.8,110,56,49,1.88,3,116.2,102,71,259,False,512.2,111,48,2341,,2023-02-27T17:00:08.594939Z,6.0,64,33,0,1,4.0,0,,166989.jpg,2.8,190,74,0,0,0.0,Tielemans,1.2,178,58,False,,27,1.04,a,10,13,190.0,187,111,86,236575,0,363961,0,0.5,14.1,Tielemans,4,372,0.4666666666666666,40.133333333333326
Enzo Fernández,2,1,265,100.0,100.0,3,0.17,448047,,,0,0,0,0,307.3,114,83,4.0,,0,3.0,1.1,1.2,2,2.64,0.15,3.42,0.2,0.78,24.91,1.45,0.05,Enzo,1.7,207,99,25,1.45,0,67.1,224,110,724,False,298.2,225,97,1547,,2023-02-03T02:30:09.546920Z,5.0,212,119,0,0,,0,,448047.jpg,2.3,263,99,0,0,0.0,Fernández,0.8,209,70,False,,18,1.05,a,6,8,64.0,329,163,42,320254,0,240392,0,0.3,8.4,Enzo,3,237,0.45999999999999996,19.32
Amadou Onana,3,2,300,100.0,100.0,9,0.33,449871,,,0,0,-3,3,295.1,120,88,,,0,3.0,2.0,2.3,3,1.66,0.06,4.61,0.17,2.95,47.89,1.73,0.11,Amadou,1.8,191,87,37,1.34,1,92.0,145,88,577,False,347.2,202,82,2486,,2023-04-15T22:00:07.909541Z,5.0,323,196,0,0,,0,,449871.jpg,2.3,259,97,0,0,0.0,Onana,0.1,407,146,False,,29,1.05,a,8,11,280.0,129,79,77,67708,0,62057,0,0.4,16.4,Onana,9,308,0.45999999999999996,35.419999999999995
Dejan Kulusevski,7,5,310,100.0,100.0,8,0.35,445044,3.0,,0,0,-2,2,627.6,41,33,,,1,3.0,2.2,2.4,3,4.76,0.21,7.44,0.33,2.68,30.15,1.32,0.12,Dejan,2.4,134,66,40,1.75,2,154.7,62,42,446,False,409.2,157,66,2062,,2023-01-01T14:00:06.807951Z,7.0,24,11,0,0,,0,,445044.jpg,3.2,139,56,0,0,0.0,Kulusevski,3.6,92,29,False,,23,1.0,a,18,6,514.0,59,36,96,2101231,0,2621193,0,0.3,12.3,Kulusevski,2,692,0.4571428571428572,43.885714285714286
Bobby De Cordova-Reid,1,3,289,100.0,100.0,8,0.29,96994,,,0,0,-1,1,326.6,110,81,,,0,3.0,1.2,1.0,0,1.49,0.05,5.4,0.19,3.91,46.78,1.7,0.14,Bobby,1.0,290,138,40,1.46,4,119.7,96,67,205,False,365.2,192,80,2473,,2022-10-29T19:30:07.541813Z,5.5,121,65,0,0,,0,,96994.jpg,2.5,232,89,0,0,0.0,De Cordova-Reid,0.1,421,150,False,,29,1.06,a,9,54,508.0,60,37,90,73739,0,75033,0,0.2,16.7,De Cordova-Reid,8,327,0.45454545454545453,40.90909090909091
Jorge Luiz Frello Filho,2,5,379,100.0,100.0,9,0.38,85955,,,0,0,-3,3,254.1,142,97,,,1,3.0,3.3,3.3,3,0.96,0.04,2.85,0.12,1.89,24.41,1.03,0.08,Jorge Luiz,2.8,108,54,23,0.97,2,73.9,203,103,130,False,386.4,175,72,2127,,2023-03-02T00:00:07.754347Z,5.5,80,42,0,0,,0,,85955.jpg,2.5,233,90,0,0,0.0,Frello Filho,1.9,136,47,False,,24,1.02,a,1,3,97.0,278,146,79,449419,0,603430,0,0.5,13.9,Jorginho,4,25,0.45454545454545453,35.90909090909091
Darwin Núñez Ribeiro,5,8,310,75.0,75.0,7,0.37,447203,,,0,0,-4,4,336.9,105,10,,,1,4.0,2.0,1.7,0,2.66,0.14,14.81,0.79,12.15,28.62,1.53,0.65,Darwin,1.3,249,35,22,1.18,9,186.0,37,10,297,False,458.2,133,14,1684,Toe Injury - 75% chance of playing,2023-05-15T22:30:08.790165Z,7.5,11,6,0,0,,0,,447203.jpg,3.4,120,17,1,0,0.0,Núñez Ribeiro,6.4,60,11,False,,19,1.02,d,12,14,1078.0,11,7,100,4112461,0,5508676,0,0.2,11.6,Darwin,1,458,0.4533333333333333,45.33333333333333
Tosin Adarabioyo,0,1,353,,,3,0.13,109646,,,0,0,-1,1,89.8,305,95,,,0,2.0,2.0,1.8,1,0.47,0.02,1.18,0.05,0.71,43.91,1.9,0.03,Tosin,1.8,182,55,39,1.68,1,71.4,212,61,209,False,495.0,116,39,2084,,,4.5,485,96,0,0,,0,,109646.jpg,2.0,314,115,0,0,0.0,Adarabioyo,0.1,435,163,False,,23,0.99,a,9,54,128.0,238,58,49,32714,0,35886,0,0.4,11.1,Tosin,4,331,0.4444444444444444,21.777777777777775
Nathaniel Clyne,0,0,246,100.0,100.0,3,0.16,57328,,,0,0,0,0,124.9,250,66,,,0,2.0,0.0,0.0,0,0.6,0.03,0.6,0.03,0.0,26.26,1.44,0.0,Nathaniel,0.0,609,239,23,1.26,0,33.6,348,123,157,False,203.6,302,120,1638,,2023-04-14T14:30:07.072449Z,4.5,342,59,0,0,,0,,57328.jpg,2.0,318,119,0,0,0.0,Clyne,0.1,406,152,False,,19,1.04,a,7,31,8.0,444,163,44,23422,0,32002,0,0.0,9.8,Clyne,3,246,0.4444444444444444,19.555555555555554
Scott McKenna,0,0,275,0.0,0.0,5,0.29,168281,,,0,0,-1,1,93.9,299,91,,,0,2.0,0.0,0.0,0,0.42,0.02,0.49,0.02,0.07,28.95,1.66,0.0,Scott,0.0,582,231,32,1.83,0,41.8,313,107,385,False,278.8,244,93,1570,Shoulder injury - Expected back 01 Jul,2023-04-22T17:30:08.720431Z,4.5,493,101,0,0,,0,,168281.jpg,2.0,316,117,0,0,0.0,McKenna,0.1,461,172,False,,19,1.09,i,16,17,46.0,365,130,40,15989,0,25002,0,0.0,9.1,McKenna,4,590,0.4444444444444444,17.77777777777778
Trevoh Chalobah,0,1,318,100.0,100.0,5,0.28,180736,,,0,0,-6,6,93.5,301,93,,,0,2.0,0.9,0.8,1,0.32,0.02,1.14,0.07,0.82,30.99,1.74,0.05,Trevoh,1.3,246,78,24,1.35,0,48.7,282,97,141,False,283.6,238,90,1601,,2022-08-31T08:30:06.535126Z,4.5,496,104,1,0,,0,,180736.jpg,2.0,317,118,0,0,0.0,Chalobah,0.6,247,87,False,,18,1.01,a,6,8,108.0,268,75,49,175599,0,186691,0,0.3,11.1,Chalobah,4,211,0.4444444444444444,21.777777777777775
Adam Smith,1,5,400,100.0,100.0,7,0.21,54469,,,0,0,-2,2,261.6,136,27,,,1,2.0,0.7,0.7,1,1.57,0.05,2.07,0.07,0.5,54.01,1.65,0.02,Adam,1.2,251,80,58,1.78,0,75.7,193,51,57,False,406.2,159,58,2940,,2023-03-11T21:30:08.400437Z,4.5,537,124,0,0,,0,,54469.jpg,2.0,311,113,0,0,0.0,Smith,0.2,366,138,False,,34,1.04,a,3,91,88.0,290,88,74,66284,0,69055,0,0.3,17.2,Smith,11,78,0.4444444444444444,32.888888888888886
Cheick Doucouré,3,3,411,100.0,100.0,7,0.23,438464,,,0,0,0,0,345.8,102,76,,,0,3.0,2.2,2.2,2,1.22,0.04,2.67,0.09,1.45,40.18,1.31,0.05,Cheick,2.2,150,71,41,1.33,0,97.6,136,85,514,False,471.4,126,55,2770,,2023-03-04T18:00:08.878516Z,5.0,210,117,0,0,,0,,438464.jpg,2.2,280,109,1,0,0.0,Doucouré,0.1,439,159,False,,34,1.1,a,7,31,157.0,210,123,74,23178,0,29366,0,0.4,14.8,C.Doucouré,8,266,0.44000000000000006,32.56
Vitaly Janelt,1,5,357,100.0,100.0,8,0.33,204580,,,0,0,0,0,246.1,145,99,,,0,3.0,1.2,1.2,2,1.56,0.06,3.89,0.16,2.33,29.68,1.21,0.1,Vitaly,2.2,151,72,28,1.14,3,88.1,151,91,86,False,411.2,155,64,2201,,2023-03-15T22:30:08.343303Z,5.5,110,59,0,0,,0,,204580.jpg,2.4,251,95,0,0,0.0,Janelt,0.1,424,152,False,,24,0.98,a,4,94,223.0,164,98,85,45745,0,47295,0,0.4,15.5,Janelt,3,128,0.43636363636363634,37.090909090909086
Nathan Collins,0,6,326,100.0,100.0,4,0.2,432830,,,0,0,-3,3,37.9,388,136,,,1,2.0,0.3,0.1,0,0.21,0.01,0.44,0.02,0.23,32.93,1.64,0.01,Nathan,0.6,323,102,37,1.84,0,48.9,280,96,516,False,419.0,150,52,1811,,2022-09-17T14:00:06.744492Z,4.5,614,171,0,0,,0,,432830.jpg,1.9,335,123,1,0,0.0,Collins,0.5,273,100,False,,19,0.94,a,20,39,29.0,395,141,49,187827,0,197315,0,0.1,11.7,Collins,2,759,0.4222222222222222,20.68888888888889
Moisés Caicedo Corozo,1,0,503,100.0,100.0,10,0.29,486672,,,0,0,0,0,668.6,34,27,,,0,3.0,2.0,1.8,0,2.51,0.07,4.18,0.12,1.67,45.9,1.32,0.05,Moisés,1.8,197,91,47,1.35,1,146.3,70,50,120,False,582.2,83,37,3138,,2022-12-26T18:30:07.614392Z,5.0,215,120,0,0,,0,,486672.jpg,2.1,298,119,0,0,0.0,Caicedo Corozo,0.4,280,93,False,,34,0.98,a,5,36,210.0,172,103,79,104642,0,81464,0,0.4,15.8,Caicedo,10,172,0.42000000000000004,33.18
Odsonne Edouard,2,5,225,100.0,100.0,5,0.25,199670,,,0,0,-5,5,227.7,158,20,,,0,4.0,2.8,2.6,2,0.8,0.04,4.94,0.25,4.14,24.19,1.22,0.21,Odsonne,2.6,122,19,25,1.26,5,111.5,109,19,166,False,351.6,199,19,1788,,2023-04-09T23:00:08.523466Z,5.5,198,55,0,0,3.0,0,,199670.jpg,2.3,262,35,0,0,0.0,Edouard,2.0,134,22,False,,20,1.01,a,7,31,544.0,54,22,82,877397,0,993269,0,0.5,16.4,Edouard,3,254,0.41818181818181815,34.29090909090909
Michail Antonio,3,4,222,100.0,100.0,5,0.25,57531,,,0,0,-6,6,207.7,174,25,,,0,4.0,2.2,2.2,2,0.58,0.03,7.27,0.36,6.69,29.47,1.46,0.33,Michail,2.2,153,23,29,1.43,5,107.0,112,20,458,False,305.8,219,22,1822,,2023-05-19T22:00:09.935532Z,6.0,43,20,0,0,,0,,57531.jpg,2.5,234,29,0,0,0.0,Antonio,1.5,155,29,False,,21,1.04,a,19,21,559.0,52,20,84,326532,0,634970,0,0.3,12.2,Antonio,2,714,0.4166666666666667,35.0
Ryan Yates,3,0,177,100.0,100.0,5,0.25,204968,,,0,0,0,0,97.3,293,160,,,0,3.0,2.0,1.8,1,0.43,0.02,2.42,0.12,1.99,29.34,1.44,0.1,Ryan,1.8,196,90,36,1.77,0,53.1,268,119,387,False,206.8,299,123,1833,,2023-03-18T00:30:09.069942Z,5.0,203,113,0,0,,0,,204968.jpg,2.0,329,130,0,0,0.0,Yates,0.0,571,227,False,,21,1.03,a,16,17,233.0,160,95,53,7118,0,10218,0,0.4,10.6,Yates,5,592,0.4,21.200000000000003
Ryan Christie,2,2,225,,,3,0.15,158499,,,0,0,-2,2,421.7,74,62,,,0,3.0,2.0,1.9,2,2.07,0.1,4.96,0.24,2.89,30.87,1.52,0.14,Ryan,2.4,132,65,35,1.73,1,110.5,110,72,69,False,282.0,241,101,1825,,,5.0,144,76,0,0,,0,,158499.jpg,2.0,332,133,0,0,0.0,Christie,0.1,505,196,False,,22,1.08,a,3,91,400.0,89,57,64,8856,0,12897,0,0.5,12.1,Christie,2,90,0.4,25.6
Jordan Henderson,3,0,401,100.0,100.0,8,0.35,56979,,,0,0,-2,2,506.1,57,47,,,0,3.0,3.0,2.8,1,3.59,0.16,4.93,0.22,1.35,31.96,1.4,0.06,Jordan,1.8,200,94,30,1.31,0,99.1,130,81,275,False,307.4,216,93,2060,,2023-05-05T14:00:09.401249Z,5.0,133,69,0,0,,0,,56979.jpg,2.0,331,132,0,0,0.0,Henderson,0.5,266,88,False,,23,1.0,a,12,14,174.0,196,116,69,69647,0,150109,0,0.3,13.0,Henderson,2,437,0.4,27.6
César Azpilicueta,0,4,242,100.0,100.0,3,0.18,41328,,,0,0,-3,3,206.7,176,41,,,1,2.0,0.3,0.5,2,1.25,0.07,1.6,0.09,0.35,27.38,1.62,0.02,César,1.0,282,92,21,1.24,0,55.8,259,85,127,False,259.2,261,102,1521,,2023-02-18T21:30:07.912657Z,4.5,293,45,1,0,,0,,41328.jpg,1.8,358,129,0,0,0.0,Azpilicueta,1.2,177,61,False,,16,0.95,a,6,8,93.0,281,82,45,265047,0,352360,0,0.2,9.6,Azpilicueta,3,198,0.4,18.0
Idrissa Gueye,1,1,357,100.0,100.0,8,0.28,80801,,,0,0,-3,3,193.7,180,113,,,0,3.0,1.7,2.1,3,0.83,0.03,1.54,0.05,0.71,49.99,1.75,0.02,Idrissa,1.6,218,104,45,1.57,0,65.3,230,111,611,False,399.2,165,68,2577,,2022-11-05T22:00:08.529674Z,5.0,298,178,0,0,,0,,80801.jpg,2.0,324,126,0,0,0.0,Gueye,0.1,493,187,False,,32,1.12,a,8,11,61.0,332,165,66,16978,0,14849,0,0.3,14.0,Gueye,7,310,0.4,26.400000000000002
Kai Havertz,1,13,301,100.0,100.0,9,0.32,219847,,,0,0,-6,6,513.3,55,3,,,1,3.0,0.9,0.8,1,2.75,0.1,14.33,0.51,11.58,38.25,1.34,0.41,Kai,1.3,248,34,31,1.09,7,199.3,29,8,145,False,470.2,129,13,2565,,2023-04-25T13:30:08.364738Z,7.5,28,13,0,0,1.0,0,,219847.jpg,2.9,178,24,0,0,0.0,Havertz,3.2,104,16,False,,30,1.05,a,6,8,1012.0,15,10,102,1575452,0,1755945,0,0.2,13.8,Havertz,5,215,0.38666666666666666,39.44
Anthony Gordon,0,5,186,100.0,100.0,4,0.23,232826,,,0,0,-4,4,215.3,168,107,,,0,3.0,1.5,3.0,10,1.29,0.07,6.02,0.34,4.73,25.18,1.44,0.27,Anthony,2.5,126,62,18,1.03,4,99.8,126,78,195,False,265.6,257,109,1574,,2023-03-12T20:00:08.741447Z,5.5,180,103,0,0,,0,,232826.jpg,2.1,299,120,0,0,0.0,Gordon,0.9,196,67,False,,16,0.91,a,15,4,517.0,58,35,68,706345,0,767314,0,0.5,13.3,Gordon,7,545,0.38181818181818183,25.963636363636365
Fabio Henrique Tavares,2,0,394,100.0,100.0,11,0.37,116643,,,0,0,-3,3,302.0,118,86,,,0,3.0,3.2,3.5,4,1.87,0.06,2.57,0.08,0.7,39.21,1.32,0.02,Fabio Henrique,2.5,127,63,34,1.15,0,79.0,179,98,282,False,379.2,182,75,2666,,2023-02-04T23:30:08.391451Z,5.0,159,88,0,0,3.0,0,,116643.jpg,1.9,343,141,0,0,0.0,Tavares,0.8,217,72,False,,31,1.05,a,12,14,109.0,266,140,70,105719,0,169205,0,0.5,13.5,Fabinho,11,444,0.38,26.6
Remo Freuler,0,0,267,,,6,0.25,89076,,,0,0,-1,1,174.7,199,124,,,0,3.0,0.0,0.0,0,0.79,0.03,1.21,0.05,0.42,41.93,1.75,0.02,Remo,0.0,723,306,47,1.96,0,50.3,274,122,582,False,272.2,250,106,2157,,,5.0,227,128,0,0,,0,,89076.jpg,1.9,339,137,0,0,0.0,Freuler,0.0,614,247,False,,24,1.0,a,16,17,54.0,346,171,54,5406,0,5336,0,0.0,11.0,Freuler,4,615,0.38,20.52
Harvey Elliott,2,2,286,100.0,100.0,5,0.28,444884,,,0,0,-2,2,372.3,93,69,,,0,3.0,2.0,1.8,0,4.31,0.24,6.43,0.36,2.12,26.07,1.47,0.12,Harvey,0.8,303,146,20,1.12,1,99.4,128,79,294,False,257.0,262,110,1600,,2022-12-31T08:30:08.114482Z,5.0,291,174,0,0,,0,,444884.jpg,1.9,338,136,0,0,0.0,Elliott,0.5,259,86,False,,18,1.01,a,12,14,363.0,103,65,62,282220,0,271327,0,0.2,12.9,Elliott,2,456,0.38,23.56
Orel Mangala,1,0,190,100.0,100.0,5,0.29,179519,,,0,0,-1,1,61.6,353,185,,,0,3.0,3.2,3.0,2,0.7,0.04,1.27,0.07,0.57,29.46,1.72,0.03,Orel,3.0,92,45,24,1.4,1,32.8,353,156,536,False,191.4,312,130,1543,,2022-11-09T22:30:09.935162Z,5.0,238,137,0,0,,0,,179519.jpg,1.9,340,138,0,0,0.0,Mangala,0.0,605,241,False,,20,1.17,a,16,17,75.0,311,156,50,3277,0,6129,0,0.6,10.2,Mangala,3,613,0.38,19.0
Chris Mepham,0,6,369,100.0,100.0,5,0.2,223911,,,0,0,-2,2,54.4,363,122,,,0,2.0,-0.3,-0.3,0,0.55,0.02,1.51,0.06,0.96,42.46,1.74,0.04,Chris,0.2,382,124,52,2.13,0,74.4,201,57,71,False,556.4,93,27,2197,,2022-12-30T14:30:07.485485Z,4.5,572,146,2,0,,0,,223911.jpg,1.7,373,132,0,0,0.0,Mepham,0.1,442,165,False,,24,0.98,a,3,91,134.0,233,54,43,32036,0,36628,0,0.0,10.0,Mepham,7,92,0.37777777777777777,16.244444444444444
Neco Williams,1,1,284,0.0,0.0,4,0.19,215136,,,0,0,-2,2,257.3,140,28,3.0,,0,2.0,0.0,0.0,0,1.22,0.06,2.46,0.12,1.24,39.55,1.9,0.06,Neco,0.0,420,137,41,1.97,1,84.0,166,40,295,False,372.2,190,73,1872,Jaw Injury - Expected back 01 Jul,2023-04-27T00:00:08.954932Z,4.5,770,257,0,0,,0,,215136.jpg,1.7,370,130,0,0,0.0,Williams,12.1,39,14,False,,20,0.96,i,16,17,209.0,174,24,54,2140204,0,3413517,0,0.0,14.2,N.Williams,7,580,0.37777777777777777,20.4
Lewis Cook,2,1,280,100.0,100.0,3,0.16,155408,,,0,0,-1,1,352.5,99,73,,,0,3.0,0.5,0.3,0,2.3,0.12,2.54,0.13,0.24,32.09,1.69,0.01,Lewis,0.8,305,147,39,2.05,0,71.2,214,106,67,False,313.0,212,90,1712,,2023-01-14T22:00:08.347531Z,5.0,233,133,0,0,,0,,155408.jpg,1.8,362,152,0,0,0.0,Cook,0.1,504,195,False,,18,0.95,a,3,91,45.0,371,182,51,11655,0,14863,0,0.2,10.4,Cook,4,88,0.36,18.36
Boubacar Kamara,1,0,235,100.0,100.0,3,0.15,226944,,,0,0,-2,2,123.4,252,147,,,0,3.0,1.0,1.2,2,0.92,0.05,1.07,0.06,0.15,33.05,1.68,0.01,Boubacar,1.2,257,119,30,1.52,0,43.9,305,138,53,False,275.8,247,104,1773,,2023-04-05T09:30:06.857573Z,5.0,284,170,0,0,,0,,226944.jpg,1.8,360,150,0,0,0.0,Kamara,0.1,453,167,False,,21,1.07,a,2,7,39.0,382,185,44,13468,0,25542,0,0.3,9.2,Kamara,4,58,0.36,15.84
Conor Gallagher,1,7,279,100.0,100.0,4,0.22,232787,5.0,,0,0,-4,4,343.5,104,78,,,0,3.0,2.5,2.3,2,1.73,0.1,4.28,0.24,2.55,30.95,1.73,0.14,Conor,2.8,107,53,23,1.29,3,104.3,117,75,148,False,379.8,181,74,1608,,2022-10-19T22:30:07.006380Z,5.5,99,52,0,0,,0,,232787.jpg,1.9,346,144,1,0,0.0,Gallagher,0.7,227,74,False,,18,1.01,a,6,8,321.0,113,72,66,117548,0,217511,0,0.5,11.8,Gallagher,9,218,0.34545454545454546,22.8
